club,club_type,target_distance,power_percent,power_range,final_distance,error,abs_error,iterations,found,reachable
1W,wood,50,0.31093750000000003,71.51562500000001,49.729929792988095,0.270070207011905,0.270070207011905,8,True,True
1W,wood,60,0.34375,79.0625,60.49372741360806,-0.49372741360806316,0.49372741360806316,6,True,True
1W,wood,70,0.37187500000000007,85.53125000000001,69.76139068986369,0.2386093101363116,0.2386093101363116,7,True,True
1W,wood,80,0.4,92.0,79.55935755491028,0.44064244508972195,0.44064244508972195,2,True,True
1W,wood,90,0.428125,98.46875,89.85772283789831,0.14227716210169206,0.14227716210169206,7,True,True
1W,wood,100,0.45156250000000003,103.85937500000001,99.68007299050697,0.31992700949302844,0.31992700949302844,8,True,True
1W,wood,110,0.47798461914062507,109.93646240234376,110.4972565049769,-0.4972565049769031,0.4972565049769031,16,True,True
1W,wood,120,0.503125,115.71875000000001,119.5374335328682,0.4625664671317935,0.4625664671317935,7,True,True
1W,wood,130,0.5265625,121.10937500000001,130.38003140441515,-0.38003140441514915,0.38003140441514915,8,True,True
1W,wood,140,0.55,126.50000000000001,139.5334380885385,0.46656191146149695,0.46656191146149695,3,True,True
1W,wood,160,0.596875,137.28125,160.48034946331862,-0.4803494633186176,0.4803494633186176,7,True,True
1W,wood,170,0.6203125,142.671875,170.20529026999773,-0.20529026999773237,0.20529026999773237,8,True,True
1W,wood,180,0.6414062500000001,147.52343750000003,179.52014224730914,0.4798577526908616,0.4798577526908616,9,True,True
1W,wood,210,0.7046875000000001,162.07812500000003,210.45445735190725,-0.45445735190725145,0.45445735190725145,8,True,True
1W,wood,220,0.72578125,166.9296875,220.25521355693013,-0.2552135569301299,0.2552135569301299,9,True,True
1W,wood,230,0.7468750000000001,171.78125000000003,230.14756197190985,-0.14756197190985176,0.14756197190985176,7,True,True
1W,wood,240,0.7679687500000001,176.63281250000003,240.12372654582714,-0.12372654582713949,0.12372654582713949,9,True,True
1W,wood,250,0.7902343750000003,181.75390625000006,250.4752660115028,-0.47526601150281067,0.47526601150281067,10,True,True
1W,wood,290,0.878125,201.96875,289.7897798614812,0.21022013851882093,0.21022013851882093,7,True,True
1W,wood,300,0.8968750000000001,206.28125000000003,299.50700527855264,0.49299472144736,0.49299472144736,7,True,True
1W,wood,310,0.9203125000000001,211.67187500000003,310.47133123046785,-0.47133123046785386,0.47133123046785386,8,True,True
1W,wood,320,0.9390625000000001,215.98437500000003,320.25683185366836,-0.25683185366835914,0.25683185366835914,8,True,True
1W,wood,340,0.9847656249999999,226.49609374999997,339.5314559440901,0.4685440559098879,0.4685440559098879,10,True,True
2W,wood,50,0.31796875,66.7734375,49.54189014598985,0.4581098540101465,0.4581098540101465,9,True,True
2W,wood,70,0.38125000000000003,80.0625,69.70301995747948,0.29698004252051646,0.29698004252051646,6,True,True
2W,wood,80,0.40937500000000004,85.96875000000001,80.18485316950314,-0.18485316950314257,0.18485316950314257,7,True,True
2W,wood,90,0.4375,91.875,89.75429058957683,0.2457094104231743,0.2457094104231743,5,True,True
2W,wood,130,0.5394531250000001,113.28515625000001,129.5463693362839,0.4536306637160976,0.4536306637160976,10,True,True
2W,wood,140,0.5640625000000001,118.45312500000003,140.05898368834124,-0.05898368834124312,0.05898368834124312,8,True,True
2W,wood,150,0.5828125,122.39062499999999,149.51015502343552,0.4898449765644841,0.4898449765644841,8,True,True
2W,wood,170,0.634375,133.21875,170.37361212784637,-0.3736121278463713,0.3736121278463713,7,True,True
2W,wood,180,0.6534179687500001,137.21777343750003,180.4401116273248,-0.4401116273247965,0.4401116273247965,12,True,True
2W,wood,190,0.6765625000000002,142.07812500000003,189.72002540255218,0.2799745974478185,0.2799745974478185,8,True,True
2W,wood,210,0.71875,150.9375,209.5734618335441,0.4265381664559129,0.4265381664559129,6,True,True
2W,wood,220,0.7445312500000001,156.35156250000003,219.8151392548263,0.18486074517369389,0.18486074517369389,9,True,True
2W,wood,240,0.7843750000000002,164.71875000000003,239.70839805302552,0.29160194697448105,0.29160194697448105,7,True,True
2W,wood,250,0.8078125,169.640625,249.62568969834484,0.3743103016551572,0.3743103016551572,8,True,True
2W,wood,260,0.83125,174.5625,259.6037589764364,0.39624102356361846,0.39624102356361846,6,True,True
2W,wood,280,0.872265625,183.17578125,280.3571295632605,-0.35712956326051426,0.35712956326051426,10,True,True
2W,wood,290,0.8921875000000001,187.35937500000003,289.6088913919298,0.3911086080702262,0.3911086080702262,8,True,True
2W,wood,300,0.915625,192.28125,299.78477999290726,0.21522000709273925,0.21522000709273925,7,True,True
2W,wood,310,0.9390625000000001,197.20312500000003,309.99178765717943,0.008212342820570484,0.008212342820570484,8,True,True
2W,wood,320,0.9625,202.125,320.22483426601684,-0.22483426601684187,0.22483426601684187,5,True,True
2W,wood,330,0.9859374999999999,207.04687499999997,330.4790778848259,-0.4790778848259265,0.4790778848259265,8,True,True
3W,wood,50,0.334375,63.53124999999999,49.73673772908452,0.26326227091548304,0.26326227091548304,7,True,True
3W,wood,60,0.3695312500000001,70.21093750000001,60.35417128283071,-0.35417128283071264,0.35417128283071264,9,True,True
3W,wood,70,0.4,76.0,69.84618707234894,0.15381292765106025,0.15381292765106025,2,True,True
3W,wood,80,0.4328125,82.234375,80.29931138560883,-0.2993113856088314,0.2993113856088314,8,True,True
3W,wood,90,0.46093750000000006,87.57812500000001,90.4665734789834,-0.4665734789834062,0.4665734789834062,8,True,True
3W,wood,100,0.4890625,92.921875,99.70440978489414,0.2955902151058609,0.2955902151058609,8,True,True
3W,wood,110,0.51484375,97.82031250000001,110.24391241169012,-0.24391241169011835,0.24391241169011835,9,True,True
3W,wood,120,0.540625,102.71875,119.6749299114336,0.32507008856640596,0.32507008856640596,7,True,True
3W,wood,130,0.5687500000000001,108.06250000000001,129.84124414094518,0.15875585905482126,0.15875585905482126,6,True,True
3W,wood,140,0.5933593750000001,112.73828125000003,139.5391494851396,0.46085051486039674,0.46085051486039674,10,True,True
3W,wood,150,0.6182617187499999,117.46972656249999,149.51543789842606,0.4845621015739425,0.4845621015739425,12,True,True
3W,wood,160,0.642578125,122.08984375,159.56949867098052,0.4305013290194779,0.4305013290194779,10,True,True
3W,wood,170,0.6671875,126.76562500000001,169.87356786068867,0.12643213931133346,0.12643213931133346,8,True,True
3W,wood,180,0.690625,131.21875,180.09113391732328,-0.09113391732327614,0.09113391732327614,7,True,True
3W,wood,190,0.7140625,135.671875,190.4626004257709,-0.4626004257708871,0.4626004257708871,8,True,True
3W,wood,210,0.7609375,144.578125,209.85404987212252,0.14595012787748374,0.14595012787748374,8,True,True
3W,wood,220,0.7820312500000002,148.58593750000003,220.05367389576713,-0.05367389576713322,0.05367389576713322,9,True,True
3W,wood,230,0.8078125,153.484375,229.64226338582856,0.35773661417144353,0.35773661417144353,8,True,True
3W,wood,240,0.8289062500000001,157.4921875,240.0293508048523,-0.02935080485229946,0.02935080485229946,9,True,True
3W,wood,260,0.8734375000000001,165.95312500000003,259.7491488577626,0.25085114223742266,0.25085114223742266,8,True,True
3W,wood,270,0.8992187500000001,170.8515625,269.5995490545372,0.4004509454628078,0.4004509454628078,9,True,True
3W,wood,280,0.9203125000000001,174.85937500000003,280.26367351265253,-0.2636735126525309,0.2636735126525309,8,True,True
3W,wood,290,0.9437500000000001,179.31250000000003,289.6465430985054,0.35345690149461007,0.35345690149461007,6,True,True
3W,wood,310,0.990625,188.21875,310.41852510434467,-0.41852510434466694,0.41852510434466694,7,True,True
2I,iron,50,0.334375,60.18749999999999,50.24158841706894,-0.24158841706893952,0.24158841706893952,7,True,True
2I,iron,60,0.36718750000000006,66.09375000000001,59.94091528142564,0.05908471857436126,0.05908471857436126,8,True,True
2I,iron,70,0.4,72.0,70.34824651090561,-0.34824651090561076,0.34824651090561076,2,True,True
2I,iron,80,0.4287109375,77.16796875,79.5808398180362,0.4191601819638038,0.4191601819638038,11,True,True
2I,iron,90,0.45625000000000004,82.12500000000001,90.21730095486713,-0.21730095486712742,0.21730095486712742,6,True,True
2I,iron,100,0.484375,87.1875,100.23758628417943,-0.23758628417942873,0.23758628417942873,7,True,True
2I,iron,110,0.5113281250000001,92.03906250000003,110.40809236353469,-0.408092363534692,0.408092363534692,10,True,True
2I,iron,120,0.53828125,96.89062500000001,119.60817317130885,0.39182682869115126,0.39182682869115126,9,True,True
2I,iron,130,0.5640625000000001,101.53125000000003,130.15815736008804,-0.15815736008804038,0.15815736008804038,8,True,True
2I,iron,150,0.6109374999999999,109.96874999999999,149.67415476552236,0.32584523447764013,0.32584523447764013,8,True,True
2I,iron,160,0.6390625000000001,115.03125000000001,160.0369120959957,-0.03691209599568879,0.03691209599568879,8,True,True
2I,iron,180,0.684765625,123.25781250000001,180.45093823638047,-0.45093823638046615,0.45093823638046615,10,True,True
2I,iron,190,0.7070312500000001,127.26562500000001,190.00335344903166,-0.003353449031664013,0.003353449031664013,9,True,True
2I,iron,200,0.7328125000000001,131.90625000000003,200.48107235817375,-0.4810723581737477,0.4810723581737477,8,True,True
2I,iron,210,0.7539062500000001,135.70312500000003,209.9984282753645,0.0015717246355109182,0.0015717246355109182,9,True,True
2I,iron,220,0.7773437500000001,139.92187500000003,220.1584600541831,-0.15846005418310938,0.15846005418310938,9,True,True
2I,iron,230,0.8007812500000001,144.14062500000003,230.41449559479358,-0.41449559479357845,0.41449559479357845,9,True,True
2I,iron,250,0.8476562500000001,152.57812500000003,249.54869206005685,0.451307939943149,0.451307939943149,9,True,True
2I,iron,260,0.8710937500000001,156.79687500000003,260.02784025325957,-0.02784025325956918,0.02784025325956918,9,True,True
2I,iron,270,0.8921875000000001,160.59375000000003,270.011118735998,-0.011118735998024931,0.011118735998024931,8,True,True
2I,iron,280,0.9150390625,164.70703125,280.46815882484606,-0.4681588248460571,0.4681588248460571,11,True,True
2I,iron,290,0.9390625000000001,169.03125000000003,289.57673901393025,0.4232609860697494,0.4232609860697494,8,True,True
2I,iron,300,0.9625,173.25,300.2582828598456,-0.2582828598456217,0.2582828598456217,5,True,True
2I,iron,310,0.98388671875,177.099609375,310.48322321020436,-0.48322321020435766,0.48322321020435766,12,True,True
3I,iron,50,0.334375,56.84374999999999,50.39163009005549,-0.391630090055493,0.391630090055493,7,True,True
3I,iron,60,0.36718750000000006,62.42187500000001,59.596155068080826,0.40384493191917414,0.40384493191917414,8,True,True
3I,iron,70,0.40058593750000004,68.09960937500001,70.49162343849885,-0.4916234384988485,0.4916234384988485,11,True,True
3I,iron,80,0.43054199218749994,73.19213867187499,80.49840986307295,-0.49840986307295054,0.49840986307295054,14,True,True
3I,iron,90,0.46093750000000006,78.35937500000001,90.03262986651738,-0.03262986651738231,0.03262986651738231,8,True,True
3I,iron,100,0.48671875,82.7421875,100.20231420929177,-0.2023142092917709,0.2023142092917709,9,True,True
3I,iron,110,0.5125000000000001,87.12500000000001,109.6186348189087,0.38136518109129725,0.38136518109129725,5,True,True
3I,iron,120,0.540625,91.90625,119.79363760047306,0.20636239952693813,0.20636239952693813,7,True,True
3I,iron,130,0.5687500000000001,96.68750000000001,130.26561014111581,-0.2656101411158147,0.2656101411158147,6,True,True
3I,iron,140,0.5921875000000001,100.67187500000001,140.03766740355428,-0.037667403554280554,0.037667403554280554,8,True,True
3I,iron,150,0.615625,104.65625,150.02598278955824,-0.025982789558241848,0.025982789558241848,7,True,True
3I,iron,170,0.6671875,113.42187500000001,170.29768555277874,-0.297685552778745,0.297685552778745,8,True,True
3I,iron,180,0.6888671875000001,117.10742187500001,180.45135389544174,-0.4513538954417413,0.4513538954417413,11,True,True
3I,iron,190,0.7140625,121.39062500000001,190.1758762444962,-0.17587624449620876,0.17587624449620876,8,True,True
3I,iron,200,0.7372070312500001,125.32519531250001,199.55041731929802,0.4495826807019796,0.4495826807019796,12,True,True
3I,iron,210,0.7585937500000001,128.9609375,210.0311020232114,-0.031102023211388996,0.031102023211388996,9,True,True
3I,iron,220,0.7843750000000002,133.34375000000003,220.21938963249045,-0.21938963249044718,0.21938963249044718,7,True,True
3I,iron,230,0.8078125,137.328125,229.95215367058512,0.047846329414880984,0.047846329414880984,8,True,True
3I,iron,240,0.83037109375,141.1630859375,239.55493045927645,0.4450695407235514,0.4450695407235514,12,True,True
3I,iron,260,0.87548828125,148.8330078125,260.43288947205417,-0.43288947205417116,0.43288947205417116,12,True,True
3I,iron,270,0.8980468750000001,152.66796875000003,270.22492866525084,-0.2249286652508431,0.2249286652508431,10,True,True
3I,iron,280,0.9214843750000001,156.65234375000003,280.2717324860602,-0.27173248606021616,0.27173248606021616,10,True,True
3I,iron,290,0.9449218750000001,160.63671875000003,290.35944551737725,-0.35944551737725305,0.35944551737725305,10,True,True
3I,iron,300,0.9683593750000001,164.62109375000003,300.4822141280308,-0.48221412803081876,0.48221412803081876,10,True,True
4I,iron,50,0.3390625,54.25,50.032746356024326,-0.03274635602432596,0.03274635602432596,8,True,True
4I,iron,60,0.37187500000000007,59.500000000000014,59.565328336694385,0.4346716633056147,0.4346716633056147,7,True,True
4I,iron,70,0.40468750000000003,64.75,69.78301200633977,0.2169879936602257,0.2169879936602257,8,True,True
4I,iron,80,0.4375,70.0,79.71814206383166,0.2818579361683362,0.2818579361683362,5,True,True
4I,iron,90,0.466650390625,74.6640625,90.47951255226387,-0.4795125522638699,0.4795125522638699,13,True,True
4I,iron,100,0.494921875,79.1875,99.55995681253285,0.440043187467154,0.440043187467154,10,True,True
4I,iron,110,0.5218750000000001,83.50000000000001,109.74257232239134,0.2574276776086606,0.2574276776086606,7,True,True
4I,iron,120,0.55,88.0,120.49623890847982,-0.49623890847982466,0.49623890847982466,3,True,True
4I,iron,130,0.578125,92.5,130.46677293776062,-0.46677293776062356,0.46677293776062356,7,True,True
4I,iron,140,0.6015625,96.25,139.7237756931423,0.2762243068576993,0.2762243068576993,8,True,True
4I,iron,150,0.62734375,100.375,149.66144159978106,0.33855840021894323,0.33855840021894323,9,True,True
4I,iron,160,0.6519531250000001,104.31250000000003,159.54709483133755,0.4529051686624541,0.4529051686624541,10,True,True
4I,iron,170,0.6765625000000002,108.25000000000003,169.60681060048447,0.3931893995155349,0.3931893995155349,8,True,True
4I,iron,180,0.7000000000000001,112.00000000000001,179.57197919745244,0.42802080254756447,0.42802080254756447,1,True,True
4I,iron,190,0.7234375,115.75,189.67871264939615,0.3212873506038534,0.3212873506038534,8,True,True
4I,iron,200,0.74921875,119.875,200.43898399701146,-0.4389839970114622,0.4389839970114622,9,True,True
4I,iron,210,0.7726562500000002,123.62500000000003,209.51628750991594,0.48371249008405925,0.48371249008405925,9,True,True
4I,iron,220,0.7960937500000002,127.37500000000003,219.97202034565245,0.02797965434754701,0.02797965434754701,9,True,True
4I,iron,230,0.82099609375,131.359375,229.54731777565468,0.4526822243453239,0.4526822243453239,12,True,True
4I,iron,240,0.8453125000000001,135.25000000000003,240.38358955837333,-0.3835895583733304,0.3835895583733304,8,True,True
4I,iron,250,0.8687500000000001,139.00000000000003,249.76161217641493,0.2383878235850716,0.2383878235850716,6,True,True
4I,iron,260,0.8910156250000001,142.5625,260.2688428757318,-0.26884287573182064,0.26884287573182064,10,True,True
4I,iron,270,0.915625,146.5,270.02382826544476,-0.02382826544476302,0.02382826544476302,7,True,True
4I,iron,280,0.9390625000000001,150.25000000000003,279.5460252687369,0.45397473126308796,0.45397473126308796,8,True,True
4I,iron,290,0.9625,154.0,290.4769788108579,-0.4769788108578723,0.4769788108578723,5,True,True
4I,iron,300,0.9859374999999999,157.75,300.06838614439306,-0.06838614439305957,0.06838614439305957,8,True,True
5I,iron,50,0.34375,51.5625,49.547175257738594,0.4528247422614058,0.4528247422614058,6,True,True
5I,iron,60,0.38125000000000003,57.18750000000001,60.00717010137187,-0.007170101371869464,0.007170101371869464,6,True,True
5I,iron,70,0.4140625,62.109375,69.73292948910427,0.26707051089573497,0.26707051089573497,8,True,True
5I,iron,80,0.446875,67.03125,80.03715716357887,-0.037157163578868335,0.037157163578868335,7,True,True
5I,iron,90,0.47500000000000003,71.25,90.06659183686436,-0.06659183686436165,0.06659183686436165,4,True,True
5I,iron,100,0.503125,75.46875,99.6045410247146,0.3954589752853934,0.3954589752853934,7,True,True
5I,iron,110,0.53359375,80.0390625,109.91878073139284,0.08121926860715689,0.08121926860715689,9,True,True
5I,iron,120,0.5593750000000001,83.90625000000001,119.678911341243,0.3210886587570059,0.3210886587570059,7,True,True
5I,iron,130,0.5875,88.125,130.17148800466546,-0.17148800466546277,0.17148800466546277,5,True,True
5I,iron,140,0.6138671875,92.080078125,139.53761940722697,0.46238059277303023,0.46238059277303023,11,True,True
5I,iron,150,0.6390625000000001,95.85937500000001,149.9282982441921,0.07170175580790783,0.07170175580790783,8,True,True
5I,iron,160,0.6648437500000001,99.72656250000001,159.5611556695197,0.43884433048029337,0.43884433048029337,9,True,True
5I,iron,170,0.690625,103.59375,170.46758351565438,-0.4675835156543826,0.4675835156543826,7,True,True
5I,iron,180,0.71640625,107.4609375,180.42760078864433,-0.4276007886443267,0.4276007886443267,9,True,True
5I,iron,190,0.73984375,110.9765625,190.01656290092268,-0.01656290092267909,0.01656290092267909,9,True,True
5I,iron,200,0.7656250000000001,114.84375000000001,200.22900069156861,-0.2290006915686149,0.2290006915686149,7,True,True
5I,iron,210,0.7890625000000002,118.35937500000003,210.03929402561118,-0.039294025611184225,0.039294025611184225,8,True,True
5I,iron,220,0.8148437500000001,122.22656250000001,220.461835589171,-0.4618355891709882,0.4618355891709882,9,True,True
5I,iron,230,0.8384277343750001,125.76416015625001,230.48705531583767,-0.48705531583766515,0.48705531583766515,13,True,True
5I,iron,240,0.8640625000000002,129.60937500000003,239.8309988678955,0.16900113210451195,0.16900113210451195,8,True,True
5I,iron,250,0.8875000000000001,133.125,249.9612488996297,0.03875110037029117,0.03875110037029117,5,True,True
5I,iron,260,0.9109375,136.640625,260.15162838353297,-0.15162838353296593,0.15162838353296593,8,True,True
5I,iron,270,0.93671875,140.5078125,269.6798417267092,0.32015827329081503,0.32015827329081503,9,True,True
5I,iron,280,0.9625,144.375,280.4936849118469,-0.49368491184691266,0.49368491184691266,5,True,True
6I,iron,50,0.35546875,49.765625,50.26838737508082,-0.26838737508082033,0.26838737508082033,9,True,True
6I,iron,60,0.390625,54.6875,59.90092896843198,0.09907103156802322,0.09907103156802322,7,True,True
6I,iron,70,0.42578125,59.609375,70.22258434024175,-0.22258434024175244,0.22258434024175244,9,True,True
6I,iron,80,0.45625000000000004,63.87500000000001,79.6390975869923,0.3609024130076932,0.3609024130076932,6,True,True
6I,iron,90,0.4890625,68.46875,89.90205766952025,0.09794233047975354,0.09794233047975354,8,True,True
6I,iron,100,0.5195312500000001,72.73437500000001,100.20683908270466,-0.20683908270466134,0.20683908270466134,9,True,True
6I,iron,110,0.5476562500000001,76.67187500000001,109.58849461240018,0.41150538759981714,0.41150538759981714,9,True,True
6I,iron,120,0.576953125,80.7734375,120.38844790409169,-0.3884479040916915,0.3884479040916915,10,True,True
6I,iron,130,0.60390625,84.546875,130.12323792873593,-0.1232379287359322,0.1232379287359322,9,True,True
6I,iron,140,0.63203125,88.484375,140.31885615613507,-0.31885615613506957,0.31885615613506957,9,True,True
6I,iron,150,0.6583984375000002,92.17578125000003,150.39049748344263,-0.3904974834426298,0.3904974834426298,11,True,True
6I,iron,160,0.6859375000000001,96.03125000000001,159.8827524158957,0.11724758410429104,0.11724758410429104,8,True,True
6I,iron,170,0.7093750000000001,99.31250000000001,169.717211551717,0.2827884482829859,0.2827884482829859,7,True,True
6I,iron,180,0.7369140625,103.16796875,179.5031015878103,0.49689841218969377,0.49689841218969377,11,True,True
6I,iron,190,0.7609375,106.53125,189.7416654763365,0.25833452366350684,0.25833452366350684,8,True,True
6I,iron,200,0.7890625000000002,110.46875000000003,199.89785477138537,0.10214522861463138,0.10214522861463138,8,True,True
6I,iron,220,0.8382812500000001,117.35937500000001,220.11167532325356,-0.11167532325356433,0.11167532325356433,9,True,True
6I,iron,230,0.8640625000000002,120.96875000000003,230.04910398151264,-0.04910398151264417,0.04910398151264417,8,True,True
6I,iron,240,0.8875000000000001,124.25000000000001,239.54966442624823,0.45033557375177224,0.45033557375177224,5,True,True
6I,iron,250,0.915625,128.1875,250.1220576413207,-0.1220576413207084,0.1220576413207084,7,True,True
6I,iron,260,0.9390625000000001,131.46875000000003,259.73300232391625,0.26699767608374714,0.26699767608374714,8,True,True
6I,iron,270,0.9671875000000001,135.40625,270.4066040293964,-0.40660402939641926,0.40660402939641926,8,True,True
6I,iron,280,0.990625,138.6875,280.09928735114875,-0.09928735114874598,0.09928735114874598,7,True,True
7I,iron,50,0.36718750000000006,47.73437500000001,49.91027903427093,0.08972096572907162,0.08972096572907162,8,True,True
7I,iron,60,0.40468750000000003,52.60937500000001,59.972751551354435,0.027248448645565304,0.027248448645565304,8,True,True
7I,iron,70,0.43984375,57.1796875,69.7413261898179,0.25867381018210267,0.25867381018210267,9,True,True
7I,iron,80,0.47500000000000003,61.75000000000001,80.086274246094,-0.08627424609400691,0.08627424609400691,4,True,True
7I,iron,90,0.506640625,65.86328125,90.39474681385295,-0.3947468138529473,0.3947468138529473,10,True,True
7I,iron,100,0.5359375,69.671875,99.95903482405774,0.04096517594226157,0.04096517594226157,8,True,True
7I,iron,110,0.5687500000000001,73.93750000000001,110.47147052649636,-0.47147052649636123,0.47147052649636123,6,True,True
7I,iron,120,0.596875,77.59375,119.6365786604955,0.36342133950449806,0.36342133950449806,7,True,True
7I,iron,130,0.625,81.25,129.9074605155676,0.09253948443239324,0.09253948443239324,4,True,True
7I,iron,140,0.6531250000000001,84.90625000000001,139.53902737088006,0.46097262911993653,0.46097262911993653,7,True,True
7I,iron,150,0.6821289062500002,88.67675781250003,150.45106638793592,-0.45106638793592424,0.45106638793592424,12,True,True
7I,iron,160,0.7093750000000001,92.21875000000001,160.31210755683227,-0.31210755683227376,0.31210755683227376,7,True,True
7I,iron,170,0.7369140625,95.798828125,170.3909259102817,-0.39092591028170887,0.39092591028170887,11,True,True
7I,iron,180,0.7638671875000002,99.30273437500001,179.53503499173016,0.4649650082698429,0.4649650082698429,11,True,True
7I,iron,190,0.7914062500000002,102.88281250000003,189.88085886266506,0.11914113733493537,0.11914113733493537,9,True,True
7I,iron,200,0.8171875000000002,106.23437500000003,199.99457651221226,0.005423487787737713,0.005423487787737713,8,True,True
7I,iron,210,0.8441406250000001,109.73828125000001,210.4506833720801,-0.4506833720801069,0.4506833720801069,10,True,True
7I,iron,220,0.8687500000000001,112.93750000000001,219.50951740475307,0.49048259524693094,0.49048259524693094,6,True,True
7I,iron,230,0.8974609375000001,116.66992187500001,230.4971967356582,-0.497196735658207,0.497196735658207,11,True,True
7I,iron,240,0.925,120.25,240.28914086932357,-0.28914086932357463,0.28914086932357463,4,True,True
7I,iron,250,0.95078125,123.6015625,249.76749052628216,0.23250947371784036,0.23250947371784036,9,True,True
7I,iron,260,0.9765625,126.953125,260.3357807339929,-0.3357807339929195,0.3357807339929195,8,True,True
8I,iron,50,0.3765625,45.1875,49.89104515723011,0.10895484276989009,0.10895484276989009,8,True,True
8I,iron,60,0.41640625,49.96875,59.7532819498952,0.2467180501048034,0.2467180501048034,9,True,True
8I,iron,70,0.45156250000000003,54.18750000000001,69.65621131993854,0.3437886800614649,0.3437886800614649,8,True,True
8I,iron,80,0.487890625,58.546875,80.32679782897057,-0.3267978289705695,0.3267978289705695,10,True,True
8I,iron,90,0.5218750000000001,62.625000000000014,90.47697431880285,-0.4769743188028457,0.4769743188028457,7,True,True
8I,iron,100,0.5546875,66.5625,100.12231252762096,-0.1223125276209629,0.1223125276209629,8,True,True
8I,iron,110,0.58515625,70.21875,110.4717411696652,-0.47174116966519364,0.47174116966519364,9,True,True
8I,iron,120,0.615625,73.875,120.36292803910136,-0.3629280391013623,0.3629280391013623,7,True,True
8I,iron,130,0.6449218750000001,77.39062500000001,130.30890793408184,-0.30890793408184436,0.30890793408184436,10,True,True
8I,iron,140,0.6742187500000001,80.90625000000001,139.6568857620074,0.34311423799260865,0.34311423799260865,9,True,True
8I,iron,150,0.7046875000000001,84.56250000000001,150.24767864288353,-0.24767864288352825,0.24767864288352825,8,True,True
8I,iron,160,0.731640625,87.796875,159.5206987063546,0.479301293645392,0.479301293645392,10,True,True
8I,iron,170,0.7609375,91.3125,170.25386004709196,-0.25386004709196186,0.25386004709196186,8,True,True
8I,iron,180,0.7890625000000002,94.68750000000003,180.0316071200323,-0.03160712003230515,0.03160712003230515,8,True,True
8I,iron,190,0.8171875000000002,98.06250000000003,189.92601509920095,0.07398490079904718,0.07398490079904718,8,True,True
8I,iron,200,0.8453125000000001,101.43750000000001,199.92535445503398,0.0746455449660175,0.0746455449660175,8,True,True
8I,iron,210,0.8734375000000001,104.81250000000001,210.01832477399398,-0.01832477399398158,0.01832477399398158,8,True,True
8I,iron,220,0.9015625,108.1875,220.19406032365163,-0.19406032365162673,0.19406032365162673,8,True,True
8I,iron,230,0.9296875,111.5625,230.44213258465436,-0.44213258465435956,0.44213258465435956,8,True,True
8I,iron,240,0.95546875,114.65625,240.2881708229799,-0.28817082297990737,0.28817082297990737,9,True,True
8I,iron,250,0.9835937499999999,118.03124999999999,249.69026949959513,0.3097305004048678,0.3097305004048678,9,True,True
9I,iron,50,0.390625,42.96875,49.65427061930297,0.34572938069702985,0.34572938069702985,7,True,True
9I,iron,60,0.4328125,47.609375,59.806938813768625,0.19306118623137536,0.19306118623137536,8,True,True
9I,iron,70,0.47265625,51.9921875,70.38771841811865,-0.38771841811865215,0.38771841811865215,9,True,True
9I,iron,80,0.5078125,55.859375,80.30988968687308,-0.3098896868730776,0.3098896868730776,8,True,True
9I,iron,90,0.540625,59.46875,89.69735207482665,0.30264792517334627,0.30264792517334627,7,True,True
9I,iron,100,0.578125,63.59375,100.18276638333529,-0.1827663833352915,0.1827663833352915,7,True,True
9I,iron,110,0.6109374999999999,67.20312499999999,110.29696021720342,-0.29696021720342003,0.29696021720342003,8,True,True
9I,iron,120,0.6414062500000001,70.55468750000001,120.33348932690924,-0.3334893269092447,0.3334893269092447,9,True,True
9I,iron,130,0.6718750000000001,73.90625000000001,129.8840993061249,0.11590069387509061,0.11590069387509061,7,True,True
9I,iron,140,0.7046875000000001,77.51562500000001,140.0461260093542,-0.04612600935419664,0.04612600935419664,8,True,True
9I,iron,150,0.7328125000000001,80.60937500000001,149.59284111996624,0.4071588800337622,0.4071588800337622,8,True,True
9I,iron,160,0.7656250000000001,84.21875000000001,160.13178679818216,-0.1317867981821621,0.1317867981821621,7,True,True
9I,iron,170,0.7937500000000002,87.31250000000001,169.9967478496572,0.0032521503428029064,0.0032521503428029064,6,True,True
9I,iron,180,0.8242187500000001,90.66406250000001,180.41822540863492,-0.41822540863492463,0.41822540863492463,9,True,True
9I,iron,190,0.8546875,94.015625,190.12852787723185,-0.12852787723184633,0.12852787723184633,8,True,True
9I,iron,200,0.8833984375,97.173828125,200.45264006039238,-0.45264006039238325,0.45264006039238325,11,True,True
9I,iron,210,0.9109375,100.203125,209.79805086140948,0.20194913859052122,0.20194913859052122,8,True,True
9I,iron,220,0.9437500000000001,103.81250000000001,220.18883894671504,-0.18883894671503754,0.18883894671503754,6,True,True
9I,iron,230,0.971875,106.90625,229.766663013058,0.23333698694199256,0.23333698694199256,7,True,True
PW,wedge,50,0.40937500000000004,40.93750000000001,50.020395831624654,-0.020395831624654193,0.020395831624654193,7,True,True
PW,wedge,60,0.45156250000000003,45.15625,60.12359534475182,-0.12359534475181988,0.12359534475181988,8,True,True
PW,wedge,70,0.49375,49.375,70.40189850776937,-0.4018985077693742,0.4018985077693742,6,True,True
PW,wedge,80,0.53125,53.125,80.05111456579674,-0.051114565796737566,0.051114565796737566,6,True,True
PW,wedge,90,0.5664062500000001,56.640625000000014,89.8098855630929,0.19011443690709484,0.19011443690709484,9,True,True
PW,wedge,100,0.6015625,60.15625,99.9558983461304,0.0441016538696033,0.0441016538696033,8,True,True
PW,wedge,110,0.63671875,63.671875,109.7997883627899,0.20021163721010282,0.20021163721010282,9,True,True
PW,wedge,120,0.6695312500000001,66.95312500000001,119.56105927701871,0.43894072298128606,0.43894072298128606,9,True,True
PW,wedge,130,0.70234375,70.234375,129.56650448655816,0.4334955134418408,0.4334955134418408,9,True,True
PW,wedge,140,0.7375,73.75,140.17699168432208,-0.17699168432207557,0.17699168432207557,5,True,True
PW,wedge,150,0.7691406250000001,76.91406250000001,150.41749183115743,-0.4174918311574345,0.4174918311574345,10,True,True
PW,wedge,160,0.8031250000000001,80.31250000000001,160.48803382415224,-0.4880338241522395,0.4880338241522395,7,True,True
PW,wedge,170,0.83125,83.125,169.70452961146512,0.2954703885348806,0.2954703885348806,6,True,True
PW,wedge,180,0.8640625000000002,86.40625000000001,179.83067139287635,0.16932860712364572,0.16932860712364572,8,True,True
PW,wedge,190,0.8968750000000001,89.68750000000001,190.06400540681088,-0.06400540681087818,0.06400540681087818,7,True,True
PW,wedge,200,0.925,92.5,199.57669833806364,0.42330166193636387,0.42330166193636387,4,True,True
PW,wedge,210,0.9578125,95.78125,209.979212133723,0.02078786627700424,0.02078786627700424,8,True,True
PW,wedge,220,0.990625,99.0625,220.44951329534442,-0.449513295344417,0.449513295344417,7,True,True
SW,wedge,50,0.484375,38.75,50.36388858939358,-0.36388858939358215,0.36388858939358215,7,True,True
SW,wedge,60,0.53125,42.5,59.780817785875385,0.21918221412461492,0.21918221412461492,6,True,True
SW,wedge,70,0.5828125,46.625,70.34788274520501,-0.3478827452050126,0.3478827452050126,8,True,True
SW,wedge,80,0.625,50.0,79.9094054486608,0.09059455133919414,0.09059455133919414,4,True,True
SW,wedge,90,0.6718750000000001,53.75000000000001,90.47096720828968,-0.47096720828967875,0.47096720828967875,7,True,True
SW,wedge,100,0.7140625,57.125,100.29130812160624,-0.2913081216062352,0.2913081216062352,8,True,True
SW,wedge,110,0.7562500000000001,60.50000000000001,110.43033122087319,-0.4303312208731853,0.4303312208731853,6,True,True
SW,wedge,120,0.7937500000000002,63.500000000000014,120.24076111377963,-0.2407611137796266,0.2407611137796266,6,True,True
SW,wedge,130,0.83125,66.5,129.6478555317194,0.3521444682806134,0.3521444682806134,6,True,True
SW,wedge,140,0.8734375000000001,69.875,139.87953253536202,0.12046746463798286,0.12046746463798286,8,True,True
SW,wedge,150,0.9109375,72.875,149.64688807129863,0.35311192870136665,0.35311192870136665,8,True,True
SW,wedge,160,0.9484375,75.875,159.5614481211965,0.43855187880350854,0.43855187880350854,8,True,True
SW,wedge,170,0.990625,79.25,170.26890967655928,-0.2689096765592751,0.2689096765592751,7,True,True
