club,step,time,x,y,z,power_percent,target_distance,final_distance
1W,0,0.0,0.0,0.5432192705866618,3.158548888179638,0.6833465758554738,200,200.69242698016373
1W,1,0.02,0.0,1.0696878279339868,6.299464750551122,0.6833465758554738,200,200.69242698016373
1W,2,0.04,0.0,1.5795176989587185,9.422956479335076,0.6833465758554738,200,200.69242698016373
1W,3,0.06,0.0,2.0728188642071292,12.529229038985253,0.6833465758554738,200,200.69242698016373
1W,4,0.08,0.0,2.549699308781843,15.618483557269347,0.6833465758554738,200,200.69242698016373
1W,5,0.1,0.0,3.0102650718320687,18.69091741367192,0.6833465758554738,200,200.69242698016373
1W,6,0.12,0.0,3.454620294658183,21.74672432521439,0.6833465758554738,200,200.69242698016373
1W,7,0.14,0.0,3.882867267479516,24.786094429783173,0.6833465758554738,200,200.69242698016373
1W,8,0.16,0.0,4.295106474912175,27.809214367053336,0.6833465758554738,200,200.69242698016373
1W,9,0.18,0.0,4.691436640201847,30.8162673570917,0.6833465758554738,200,200.69242698016373
1W,10,0.2,0.0,5.071954768254678,33.80743327671992,0.6833465758554738,200,200.69242698016373
1W,11,0.22,0.0,5.436756187507615,36.78288873371486,0.6833465758554738,200,200.69242698016373
1W,12,0.24,0.0,5.785934590677884,39.742807138920575,0.6833465758554738,200,200.69242698016373
1W,13,0.26,0.0,6.119582074429756,42.68735877634327,0.6833465758554738,200,200.69242698016373
1W,14,0.28,0.0,6.4377891779951675,45.6167108712978,0.6833465758554738,200,200.69242698016373
1W,15,0.3,0.0,6.740644920783351,48.53102765667171,0.6833465758554738,200,200.69242698016373
1W,16,0.32,0.0,7.0282368390132355,51.43047043737012,0.6833465758554738,200,200.69242698016373
1W,17,0.34,0.0,7.30065102140103,54.315197653002414,0.6833465758554738,200,200.69242698016373
1W,18,0.36,0.0,7.557972143934168,57.18536493886946,0.6833465758554738,200,200.69242698016373
1W,19,0.38,0.0,7.800283503761536,60.04112518530764,0.6833465758554738,200,200.69242698016373
1W,20,0.4,0.0,8.027667052228772,62.88262859544403,0.6833465758554738,200,200.69242698016373
1W,21,0.42,0.0,8.240203427086291,65.710022741415,0.6833465758554738,200,200.69242698016373
1W,22,0.44,0.0,8.437971983896645,68.52345261909845,0.6833465758554738,200,200.69242698016373
1W,23,0.46,0.0,8.621050826666774,71.32306070140815,0.6833465758554738,200,200.69242698016373
1W,24,0.48,0.0,8.78951683772975,74.10898699019687,0.6833465758554738,200,200.69242698016373
1W,25,0.5,0.0,8.94344570689966,76.88136906681308,0.6833465758554738,200,200.69242698016373
1W,26,0.52,0.0,9.08291195992239,79.64034214135468,0.6833465758554738,200,200.69242698016373
1W,27,0.54,0.0,9.207988986244196,82.38603910066136,0.6833465758554738,200,200.69242698016373
1W,28,0.56,0.0,9.318749066119098,85.11859055508577,0.6833465758554738,200,200.69242698016373
1W,29,0.58,0.0,9.415263397075408,87.83812488408235,0.6833465758554738,200,200.69242698016373
1W,30,0.6,0.0,9.497602119760844,90.54476828065108,0.6833465758554738,200,200.69242698016373
1W,31,0.62,0.0,9.565834343185035,93.23864479467231,0.6833465758554738,200,200.69242698016373
1W,32,0.64,0.0,9.62002816937747,95.91987637516722,0.6833465758554738,200,200.69242698016373
1W,33,0.66,0.0,9.660250717478274,98.58858291151772,0.6833465758554738,200,200.69242698016373
1W,34,0.68,0.0,9.686568147278567,101.24488227367787,0.6833465758554738,200,200.69242698016373
1W,35,0.7000000000000001,0.0,9.699045682226522,103.8888903514082,0.6833465758554738,200,200.69242698016373
1W,36,0.72,0.0,9.697747631914634,106.52072109256295,0.6833465758554738,200,200.69242698016373
1W,37,0.74,0.0,9.682737414063153,109.14048654045949,0.6833465758554738,200,200.69242698016373
1W,38,0.76,0.0,9.654077576014075,111.74829687035778,0.6833465758554738,200,200.69242698016373
1W,39,0.78,0.0,9.611829815749545,114.34426042507707,0.6833465758554738,200,200.69242698016373
1W,40,0.8,0.0,9.556055002448023,116.92848374977616,0.6833465758554738,200,200.69242698016373
1W,41,0.8200000000000001,0.0,9.486813196591074,119.50107162592226,0.6833465758554738,200,200.69242698016373
1W,42,0.84,0.0,9.404163669633164,122.06212710447306,0.6833465758554738,200,200.69242698016373
1W,43,0.86,0.0,9.308164923246384,124.61175153829558,0.6833465758554738,200,200.69242698016373
1W,44,0.88,0.0,9.198874708151617,127.15004461384453,0.6833465758554738,200,200.69242698016373
1W,45,0.9,0.0,9.07635004254719,129.67710438212237,0.6833465758554738,200,200.69242698016373
1W,46,0.92,0.0,8.940647230145697,132.19302728894212,0.6833465758554738,200,200.69242698016373
1W,47,0.9400000000000001,0.0,8.791821877829253,134.69790820451385,0.6833465758554738,200,200.69242698016373
1W,48,0.96,0.0,8.629928912933112,137.19184045237438,0.6833465758554738,200,200.69242698016373
1W,49,0.98,0.0,8.455022600167132,139.6749158376797,0.6833465758554738,200,200.69242698016373
1W,50,1.0,0.0,8.267156558184336,142.1472246748786,0.6833465758554738,200,200.69242698016373
1W,51,1.02,0.0,8.066383775805395,144.60885581478558,0.6833465758554738,200,200.69242698016373
1W,52,1.04,0.0,7.852756627907568,147.05989667107025,0.6833465758554738,200,200.69242698016373
1W,53,1.06,0.0,7.626326890986333,149.50043324618025,0.6833465758554738,200,200.69242698016373
1W,54,1.08,0.0,7.387145758397635,151.93055015671382,0.6833465758554738,200,200.69242698016373
1W,55,1.1,0.0,7.135263855288378,154.35033065825786,0.6833465758554738,200,200.69242698016373
1W,56,1.12,0.0,6.870731253222539,156.7598566697066,0.6833465758554738,200,200.69242698016373
1W,57,1.1400000000000001,0.0,6.593597484509984,159.1592087970757,0.6833465758554738,200,200.69242698016373
1W,58,1.16,0.0,6.303911556244839,161.54846635682588,0.6833465758554738,200,200.69242698016373
1W,59,1.18,0.0,6.001721964059997,163.92770739871014,0.6833465758554738,200,200.69242698016373
1W,60,1.2,0.0,5.6870767056041265,166.29700872815746,0.6833465758554738,200,200.69242698016373
1W,61,1.22,0.0,5.360023293747303,168.65644592820647,0.6833465758554738,200,200.69242698016373
1W,62,1.24,0.0,5.020608769521169,171.00609338100085,0.6833465758554738,200,200.69242698016373
1W,63,1.26,0.0,4.668879714799325,173.34602428885933,0.6833465758554738,200,200.69242698016373
1W,64,1.28,0.0,4.304882264723442,175.67631069493126,0.6833465758554738,200,200.69242698016373
1W,65,1.3,0.0,3.928662119880388,177.99702350344964,0.6833465758554738,200,200.69242698016373
1W,66,1.32,0.0,3.5402645582354824,180.30823249959195,0.6833465758554738,200,200.69242698016373
1W,67,1.34,0.0,3.1397344468268127,182.61000636896011,0.6833465758554738,200,200.69242698016373
1W,68,1.36,0.0,2.727116253225355,184.90241271668904,0.6833465758554738,200,200.69242698016373
1W,69,1.3800000000000001,0.0,2.3024540567655025,187.1855180861943,0.6833465758554738,200,200.69242698016373
1W,70,1.4000000000000001,0.0,1.8657915595504178,189.45938797756816,0.6833465758554738,200,200.69242698016373
1W,71,1.42,0.0,1.4171720972364945,191.72408686563347,0.6833465758554738,200,200.69242698016373
1W,72,1.44,0.0,0.956638649601049,193.97967821766412,0.6833465758554738,200,200.69242698016373
1W,73,1.46,0.0,0.4842338508972311,196.22622451078104,0.6833465758554738,200,200.69242698016373
1W,74,1.48,0.0,3.6637359812630166e-15,198.4637872490321,0.6833465758554738,200,200.69242698016373
1W,75,1.5,0.0,-0.4960209296530877,200.69242698016373,0.6833465758554738,200,200.69242698016373
3W,0,0.0,0.0,0.6981365640736847,2.4825323011774105,0.7370172140221634,200,199.1220809644153
3W,1,0.02,0.0,1.3794189458207544,4.953912944241356,0.7370172140221634,200,199.1220809644153
3W,2,0.04,0.0,2.0439409691466577,7.414257732595551,0.7370172140221634,200,199.1220809644153
3W,3,0.06,0.0,2.6917949078257375,9.86368048359571,0.7370172140221634,200,199.1220809644153
3W,4,0.08,0.0,3.3230715199855303,12.302293066936143,0.7370172140221634,200,199.1220809644153
3W,5,0.1,0.0,3.937860081790773,14.730205442052592,0.7370172140221634,200,199.1220809644153
3W,6,0.12,0.0,4.536248420352379,17.14752569457235,0.7370172140221634,200,199.1220809644153
3W,7,0.14,0.0,5.1183229458857324,19.55436007184165,0.7370172140221634,200,199.1220809644153
3W,8,0.16,0.0,5.684168683141746,21.950813017559245,0.7370172140221634,200,199.1220809644153
3W,9,0.18,0.0,6.233869302133306,24.336987205544197,0.7370172140221634,200,199.1220809644153
3W,10,0.2,0.0,6.767507148178869,26.71298357266482,0.7370172140221634,200,199.1220809644153
3W,11,0.22,0.0,7.285163271284222,29.078901350954947,0.7370172140221634,200,199.1220809644153
3W,12,0.24,0.0,7.786917454882628,31.434838098942688,0.7370172140221634,200,199.1220809644153
3W,13,0.26,0.0,8.272848243952879,33.78088973221614,0.7370172140221634,200,199.1220809644153
3W,14,0.28,0.0,8.743032972534039,36.11715055324956,0.7370172140221634,200,199.1220809644153
3W,15,0.3,0.0,9.197547790655005,38.44371328051286,0.7370172140221634,200,199.1220809644153
3W,16,0.32,0.0,9.636467690696366,40.76066907688647,0.7370172140221634,200,199.1220809644153
3W,17,0.34,0.0,10.059866533201372,43.06810757740288,0.7370172140221634,200,199.1220809644153
3W,18,0.36,0.0,10.467817072152275,45.36611691633555,0.7370172140221634,200,199.1220809644153
3W,19,0.38,0.0,10.860390979727644,47.654783753655195,0.7370172140221634,200,199.1220809644153
3W,20,0.4,0.0,11.237658870555775,49.934193300872685,0.7370172140221634,200,199.1220809644153
3W,21,0.42,0.0,11.599690325478694,52.20442934628741,0.7370172140221634,200,199.1220809644153
3W,22,0.44,0.0,11.946553914840774,54.46557427965917,0.7370172140221634,200,199.1220809644153
3W,23,0.46,0.0,12.278317221315453,56.71770911632118,0.7370172140221634,200,199.1220809644153
3W,24,0.48,0.0,12.595046862283061,58.96091352075116,0.7370172140221634,200,199.1220809644153
3W,25,0.5,0.0,12.896808511772289,61.19526582961704,0.7370172140221634,200,199.1220809644153
3W,26,0.52,0.0,13.183666921977355,63.4208430743132,0.7370172140221634,200,199.1220809644153
3W,27,0.54,0.0,13.455685944362513,65.63772100300268,0.7370172140221634,200,199.1220809644153
3W,28,0.56,0.0,13.71292855036508,67.84597410218048,0.7370172140221634,200,199.1220809644153
3W,29,0.58,0.0,13.955456851707796,70.04567561777223,0.7370172140221634,200,199.1220809644153
3W,30,0.6,0.0,14.183332120330865,72.2368975757826,0.7370172140221634,200,199.1220809644153
3W,31,0.62,0.0,14.396614807953696,74.41971080250683,0.7370172140221634,200,199.1220809644153
3W,32,0.64,0.0,14.595364565275954,76.59418494431873,0.7370172140221634,200,199.1220809644153
3W,33,0.66,0.0,14.779640260827183,78.76038848704802,0.7370172140221634,200,199.1220809644153
3W,34,0.68,0.0,14.949499999473902,80.91838877495925,0.7370172140221634,200,199.1220809644153
3W,35,0.7000000000000001,0.0,15.105001140592753,83.0682520293446,0.7370172140221634,200,199.1220809644153
3W,36,0.72,0.0,15.246200315917923,85.210043366742,0.7370172140221634,200,199.1220809644153
3W,37,0.74,0.0,15.37315344707077,87.34382681679001,0.7370172140221634,200,199.1220809644153
3W,38,0.76,0.0,15.485915762779271,89.46966533973054,0.7370172140221634,200,199.1220809644153
3W,39,0.78,0.0,15.5845418157946,91.58762084356975,0.7370172140221634,200,199.1220809644153
3W,40,0.8,0.0,15.669085499511858,93.69775420090787,0.7370172140221634,200,199.1220809644153
3W,41,0.8200000000000001,0.0,15.739600064301726,95.80012526544752,0.7370172140221634,200,199.1220809644153
3W,42,0.84,0.0,15.796138133559486,97.89479288819055,0.7370172140221634,200,199.1220809644153
3W,43,0.86,0.0,15.838751719477667,99.98181493333264,0.7370172140221634,200,199.1220809644153
3W,44,0.88,0.0,15.867492238548255,102.06124829386481,0.7370172140221634,200,199.1220809644153
3W,45,0.9,0.0,15.882410526800196,104.13314890689063,0.7370172140221634,200,199.1220809644153
3W,46,0.92,0.0,15.883556854777686,106.19757176866781,0.7370172140221634,200,199.1220809644153
3W,47,0.9400000000000001,0.0,15.8709809422645,108.25457094938234,0.7370172140221634,200,199.1220809644153
3W,48,0.96,0.0,15.844731972759407,110.3041996076632,0.7370172140221634,200,199.1220809644153
3W,49,0.98,0.0,15.804858607707482,112.34651000484553,0.7370172140221634,200,199.1220809644153
3W,50,1.0,0.0,15.751409000491961,114.38155351898972,0.7370172140221634,200,199.1220809644153
3W,51,1.02,0.0,15.68443081019104,116.40938065866371,0.7370172140221634,200,199.1220809644153
3W,52,1.04,0.0,15.603971215103863,118.43004107649557,0.7370172140221634,200,199.1220809644153
3W,53,1.06,0.0,15.510076926049745,120.44358358250322,0.7370172140221634,200,199.1220809644153
3W,54,1.08,0.0,15.402794199444505,122.45005615720787,0.7370172140221634,200,199.1220809644153
3W,55,1.1,0.0,15.282168850157607,124.44950596453756,0.7370172140221634,200,199.1220809644153
3W,56,1.12,0.0,15.148246264153643,126.44197936452704,0.7370172140221634,200,199.1220809644153
3W,57,1.1400000000000001,0.0,15.00107141092155,128.4275219258199,0.7370172140221634,200,199.1220809644153
3W,58,1.16,0.0,14.840688855694772,130.40617843797872,0.7370172140221634,200,199.1220809644153
3W,59,1.18,0.0,14.667142771465466,132.377992923609,0.7370172140221634,200,199.1220809644153
3W,60,1.2,0.0,14.480476950795685,134.3430086503019,0.7370172140221634,200,199.1220809644153
3W,61,1.22,0.0,14.280734817428351,136.30126814240126,0.7370172140221634,200,199.1220809644153
3W,62,1.24,0.0,14.067959437700704,138.25281319259994,0.7370172140221634,200,199.1220809644153
3W,63,1.26,0.0,13.842193531762781,140.19768487337018,0.7370172140221634,200,199.1220809644153
3W,64,1.28,0.0,13.603479484603378,142.1359235482325,0.7370172140221634,200,199.1220809644153
3W,65,1.3,0.0,13.351859356885818,144.0675688828682,0.7370172140221634,200,199.1220809644153
3W,66,1.32,0.0,13.08737489559576,145.99265985607883,0.7370172140221634,200,199.1220809644153
3W,67,1.34,0.0,12.810067544503179,147.91123477059796,0.7370172140221634,200,199.1220809644153
3W,68,1.36,0.0,12.51997845444054,149.82333126375818,0.7370172140221634,200,199.1220809644153
3W,69,1.3800000000000001,0.0,12.217148493399126,151.72898631801786,0.7370172140221634,200,199.1220809644153
3W,70,1.4000000000000001,0.0,11.901618256445351,153.6282362713511,0.7370172140221634,200,199.1220809644153
3W,71,1.42,0.0,11.57342807545887,155.52111682750444,0.7370172140221634,200,199.1220809644153
3W,72,1.44,0.0,11.232618028694155,157.40766306612363,0.7370172140221634,200,199.1220809644153
3W,73,1.46,0.0,10.879227950167206,159.28790945275412,0.7370172140221634,200,199.1220809644153
3W,74,1.48,0.0,10.513297438868918,161.16188984871783,0.7370172140221634,200,199.1220809644153
3W,75,1.5,0.0,10.134865867806658,163.02963752086964,0.7370172140221634,200,199.1220809644153
3W,76,1.52,0.0,9.743972392875461,164.89118515123621,0.7370172140221634,200,199.1220809644153
3W,77,1.54,0.0,9.340655961560262,166.74656484653997,0.7370172140221634,200,199.1220809644153
3W,78,1.56,0.0,8.9249553214705,168.59580814761088,0.7370172140221634,200,199.1220809644153
3W,79,1.58,0.0,8.496909028708401,170.4389460386884,0.7370172140221634,200,199.1220809644153
3W,80,1.6,0.0,8.056555456072196,172.27600895661615,0.7370172140221634,200,199.1220809644153
3W,81,1.62,0.0,7.603932801095503,174.10702679993133,0.7370172140221634,200,199.1220809644153
3W,82,1.6400000000000001,0.0,7.139079093924063,175.93202893785136,0.7370172140221634,200,199.1220809644153
3W,83,1.6600000000000001,0.0,6.662032205030984,177.75104421915938,0.7370172140221634,200,199.1220809644153
3W,84,1.68,0.0,6.172829852771639,179.56410098099096,0.7370172140221634,200,199.1220809644153
3W,85,1.7,0.0,5.671509610779318,181.37122705752353,0.7370172140221634,200,199.1220809644153
3W,86,1.72,0.0,5.158108915202739,183.17244978857056,0.7370172140221634,200,199.1220809644153
3W,87,1.74,0.0,4.63266507178648,184.9677960280819,0.7370172140221634,200,199.1220809644153
3W,88,1.76,0.0,4.09521526279541,186.7572921525519,0.7370172140221634,200,199.1220809644153
3W,89,1.78,0.0,3.5457965537841503,188.54096406933704,0.7370172140221634,200,199.1220809644153
3W,90,1.8,0.0,2.9844459002126333,190.318837224884,0.7370172140221634,200,199.1220809644153
3W,91,1.82,0.0,2.4112001539087733,192.0909366128699,0.7370172140221634,200,199.1220809644153
3W,92,1.84,0.0,1.8260960693793027,193.8572867822558,0.7370172140221634,200,199.1220809644153
3W,93,1.86,0.0,1.2291703099697961,195.61791184525438,0.7370172140221634,200,199.1220809644153
3W,94,1.8800000000000001,0.0,0.6204594538749243,197.37283548521336,0.7370172140221634,200,199.1220809644153
3W,95,1.9000000000000001,0.0,-2.4868995751603507e-14,199.1220809644153,0.7370172140221634,200,199.1220809644153
5I,0,0.0,0.0,1.0455525961004069,1.69518749983476,0.7656250000000001,200,200.22900069156861
5I,1,0.02,0.0,2.0737597178028926,3.3844938524550354,0.7656250000000001,200,200.22900069156861
5I,2,0.04,0.0,3.0847067539998756,5.067980883658293,0.7656250000000001,200,200.22900069156861
5I,3,0.06,0.0,4.078477657020977,6.745709429983351,0.7656250000000001,200,200.22900069156861
5I,4,0.08,0.0,5.055154970213358,8.417739354073555,0.7656250000000001,200,200.22900069156861
5I,5,0.1,0.0,6.014819854976541,10.084129559636425,0.7656250000000001,200,200.22900069156861
5I,6,0.12,0.0,6.957552117269543,11.744938006011179,0.7656250000000001,200,200.22900069156861
5I,7,0.14,0.0,7.883430233607614,13.400221722355226,0.7656250000000001,200,200.22900069156861
5I,8,0.16,0.0,8.792531376565362,15.050036821460438,0.7656250000000001,200,200.22900069156861
5I,9,0.18,0.0,9.68493143980253,16.694438513209686,0.7656250000000001,200,200.22900069156861
5I,10,0.2,0.0,10.560705062628198,18.333481117683935,0.7656250000000001,200,200.22900069156861
5I,11,0.22,0.0,11.419925654118735,19.96721807792983,0.7656250000000001,200,200.22900069156861
5I,12,0.24,0.0,12.262665416804337,21.59570197239759,0.7656250000000001,200,200.22900069156861
5I,13,0.26,0.0,13.088995369938552,23.218984527058648,0.7656250000000001,200,200.22900069156861
5I,14,0.28,0.0,13.898985372364782,24.83711662721241,0.7656250000000001,200,200.22900069156861
5I,15,0.3,0.0,14.692704144993291,26.45014832899113,0.7656250000000001,200,200.22900069156861
5I,16,0.32,0.0,15.470219292901865,28.058128870571863,0.7656250000000001,200,200.22900069156861
5I,17,0.34,0.0,16.23159732707288,29.661106683104123,0.7656250000000001,200,200.22900069156861
5I,18,0.36,0.0,16.976903685779103,31.259129401361797,0.7656250000000001,200,200.22900069156861
5I,19,0.38,0.0,17.706202755630226,32.85224387412761,0.7656250000000001,200,200.22900069156861
5I,20,0.4,0.0,18.419557892291724,34.440496174318355,0.7656250000000001,200,200.22900069156861
5I,21,0.42,0.0,19.11703144088726,36.02393160885887,0.7656250000000001,200,200.22900069156861
5I,22,0.44,0.0,19.79868475609555,37.60259472831261,0.7656250000000001,200,200.22900069156861
5I,23,0.46,0.0,20.46457822195219,39.17652933627662,0.7656250000000001,200,200.22900069156861
5I,24,0.48,0.0,21.114771271366664,40.7457784985484,0.7656250000000001,200,200.22900069156861
5I,25,0.5,0.0,21.749322405364357,42.310384552072136,0.7656250000000001,200,200.22900069156861
5I,26,0.52,0.0,22.368289212063143,43.87038911367176,0.7656250000000001,200,200.22900069156861
5I,27,0.54,0.0,22.971728385393693,45.42583308857786,0.7656250000000001,200,200.22900069156861
5I,28,0.56,0.0,23.559695743572412,46.97675667875569,0.7656250000000001,200,200.22900069156861
5I,29,0.58,0.0,24.132246247335566,48.523199391041274,0.7656250000000001,200,200.22900069156861
5I,30,0.6,0.0,24.689434017942826,50.06520004509245,0.7656250000000001,200,200.22900069156861
5I,31,0.62,0.0,25.23131235495819,51.6027967811617,0.7656250000000001,200,200.22900069156861
5I,32,0.64,0.0,25.757933753815887,53.13602706769745,0.7656250000000001,200,200.22900069156861
5I,33,0.66,0.0,26.269349923178595,54.66492770878048,0.7656250000000001,200,200.22900069156861
5I,34,0.68,0.0,26.765611802095027,56.189534851402016,0.7656250000000001,200,200.22900069156861
5I,35,0.7000000000000001,0.0,27.246769576963572,57.7098839925898,0.7656250000000001,200,200.22900069156861
5I,36,0.72,0.0,27.71287269830844,59.226009986388725,0.7656250000000001,200,200.22900069156861
5I,37,0.74,0.0,28.163969897374443,60.737947050702104,0.7656250000000001,200,200.22900069156861
5I,38,0.76,0.0,28.600109202546232,62.245728773999915,0.7656250000000001,200,200.22900069156861
5I,39,0.78,0.0,29.0213379555976,63.74938812190008,0.7656250000000001,200,200.22900069156861
5I,40,0.8,0.0,29.42770282777602,65.24895744362884,0.7656250000000001,200,200.22900069156861
5I,41,0.8200000000000001,0.0,29.819249835727497,66.74446847836617,0.7656250000000001,200,200.22900069156861
5I,42,0.84,0.0,30.19602435726631,68.23595236148215,0.7656250000000001,200,200.22900069156861
5I,43,0.86,0.0,30.55807114699412,69.72343963067007,0.7656250000000001,200,200.22900069156861
5I,44,0.88,0.0,30.90543435177255,71.20696023198204,0.7656250000000001,200,200.22900069156861
5I,45,0.9,0.0,31.23815752605303,72.6865435257726,0.7656250000000001,200,200.22900069156861
5I,46,0.92,0.0,31.556283647067524,74.1622182925562,0.7656250000000001,200,200.22900069156861
5I,47,0.9400000000000001,0.0,31.859855129883346,75.63401273878358,0.7656250000000001,200,200.22900069156861
5I,48,0.96,0.0,32.14891384232513,77.10195450254285,0.7656250000000001,200,200.22900069156861
5I,49,0.98,0.0,32.423501119766634,78.56607065919034,0.7656250000000001,200,200.22900069156861
5I,50,1.0,0.0,32.683657779794835,80.02638772691644,0.7656250000000001,200,200.22900069156861
5I,51,1.02,0.0,32.929424136748544,81.48293167225157,0.7656250000000001,200,200.22900069156861
5I,52,1.04,0.0,33.16084001613338,82.93572791551729,0.7656250000000001,200,200.22900069156861
5I,53,1.06,0.0,33.37794476891485,84.38480133622741,0.7656250000000001,200,200.22900069156861
5I,54,1.08,0.0,33.580777285690864,85.83017627844391,0.7656250000000001,200,200.22900069156861
5I,55,1.1,0.0,33.769376010744814,87.27187655609231,0.7656250000000001,200,200.22900069156861
5I,56,1.12,0.0,33.94377895598021,88.70992545824112,0.7656250000000001,200,200.22900069156861
5I,57,1.1400000000000001,0.0,34.10402371473738,90.14434575434973,0.7656250000000001,200,200.22900069156861
5I,58,1.16,0.0,34.25014747549274,91.5751596994891,0.7656250000000001,200,200.22900069156861
5I,59,1.18,0.0,34.382187035440744,93.00238903953941,0.7656250000000001,200,200.22900069156861
5I,60,1.2,0.0,34.50017881395848,94.42605501636865,0.7656250000000001,200,200.22900069156861
5I,61,1.22,0.0,34.60415886595261,95.8461783729963,0.7656250000000001,200,200.22900069156861
5I,62,1.24,0.0,34.69416289508818,97.26277935874546,0.7656250000000001,200,200.22900069156861
5I,63,1.26,0.0,34.77022626689853,98.67587773438741,0.7656250000000001,200,200.22900069156861
5I,64,1.28,0.0,34.83238402177547,100.08549277728187,0.7656250000000001,200,200.22900069156861
5I,65,1.3,0.0,34.880670887838534,101.49164328651628,0.7656250000000001,200,200.22900069156861
5I,66,1.32,0.0,34.91512129368215,102.89434758804728,0.7656250000000001,200,200.22900069156861
5I,67,1.34,0.0,34.93576938099908,104.29362353984735,0.7656250000000001,200,200.22900069156861
5I,68,1.36,0.0,34.94264901707871,105.68948853705935,0.7656250000000001,200,200.22900069156861
5I,69,1.3800000000000001,0.0,34.935793807178186,107.08195951716172,0.7656250000000001,200,200.22900069156861
5I,70,1.4000000000000001,0.0,34.91523710676471,108.47105296514668,0.7656250000000001,200,200.22900069156861
5I,71,1.42,0.0,34.881012033626696,109.85678491871371,0.7656250000000001,200,200.22900069156861
5I,72,1.44,0.0,34.833151479851814,111.2391709734805,0.7656250000000001,200,200.22900069156861
5I,73,1.46,0.0,34.771688123669435,112.61822628821315,0.7656250000000001,200,200.22900069156861
5I,74,1.48,0.0,34.696654441155204,113.99396559007751,0.7656250000000001,200,200.22900069156861
5I,75,1.5,0.0,34.608082717795234,115.36640317991298,0.7656250000000001,200,200.22900069156861
5I,76,1.52,0.0,34.50600505990731,116.7355529375304,0.7656250000000001,200,200.22900069156861
5I,77,1.54,0.0,34.3904534059165,118.10142832703492,0.7656250000000001,200,200.22900069156861
5I,78,1.56,0.0,34.26145953748254,119.46404240217505,0.7656250000000001,200,200.22900069156861
5I,79,1.58,0.0,34.119055090476145,120.82340781171854,0.7656250000000001,200,200.22900069156861
5I,80,1.6,0.0,33.96327156580167,122.1795368048558,0.7656250000000001,200,200.22900069156861
5I,81,1.62,0.0,33.79414034006318,123.53244123663126,0.7656250000000001,200,200.22900069156861
5I,82,1.6400000000000001,0.0,33.61169267607127,124.88213257340287,0.7656250000000001,200,200.22900069156861
5I,83,1.6600000000000001,0.0,33.41595973318784,126.2286218983299,0.7656250000000001,200,200.22900069156861
5I,84,1.68,0.0,33.20697257750605,127.57191991688889,0.7656250000000001,200,200.22900069156861
5I,85,1.7,0.0,32.9847621918628,128.9120369624174,0.7656250000000001,200,200.22900069156861
5I,86,1.72,0.0,32.749359485681,130.24898300168533,0.7656250000000001,200,200.22900069156861
5I,87,1.74,0.0,32.500795304639055,131.58276764049305,0.7656250000000001,200,200.22900069156861
5I,88,1.76,0.0,32.23910044016498,132.91340012929552,0.7656250000000001,200,200.22900069156861
5I,89,1.78,0.0,31.96430563875269,134.24088936885175,0.7656250000000001,200,200.22900069156861
5I,90,1.8,0.0,31.676441611098006,135.56524391589826,0.7656250000000001,200,200.22900069156861
5I,91,1.82,0.0,31.375539041052146,136.88647198884559,0.7656250000000001,200,200.22900069156861
5I,92,1.84,0.0,31.061628594390434,138.20458147349632,0.7656250000000001,200,200.22900069156861
5I,93,1.86,0.0,30.734740927394157,139.51957992878343,0.7656250000000001,200,200.22900069156861
5I,94,1.8800000000000001,0.0,30.394906695243545,140.83147459252706,0.7656250000000001,200,200.22900069156861
5I,95,1.9000000000000001,0.0,30.04215656022008,142.1402723872084,0.7656250000000001,200,200.22900069156861
5I,96,1.92,0.0,29.676521199716337,143.44597992575862,0.7656250000000001,200,200.22900069156861
5I,97,1.94,0.0,29.29803131405181,144.74860351736112,0.7656250000000001,200,200.22900069156861
5I,98,1.96,0.0,28.906717634093223,146.0481491732651,0.7656250000000001,200,200.22900069156861
5I,99,1.98,0.0,28.502610928678074,147.34462261260845,0.7656250000000001,200,200.22900069156861
5I,100,2.0,0.0,28.085742011840185,148.63802926824772,0.7656250000000001,200,200.22900069156861
5I,101,2.02,0.0,27.65614174983632,149.92837429259316,0.7656250000000001,200,200.22900069156861
5I,102,2.04,0.0,27.213841067972954,151.2156625634465,0.7656250000000001,200,200.22900069156861
5I,103,2.06,0.0,26.758870957232546,152.4998986898392,0.7656250000000001,200,200.22900069156861
5I,104,2.08,0.0,26.29126248069875,153.78108701786886,0.7656250000000001,200,200.22900069156861
5I,105,2.1,0.0,25.81104677978023,155.0592316365314,0.7656250000000001,200,200.22900069156861
5I,106,2.12,0.0,25.318255080232788,156.3343363835468,0.7656250000000001,200,200.22900069156861
5I,107,2.14,0.0,24.812918697979832,157.60640485117574,0.7656250000000001,200,200.22900069156861
5I,108,2.16,0.0,24.295069044731246,158.87544039202484,0.7656250000000001,200,200.22900069156861
5I,109,2.18,0.0,23.76473763340092,160.1414461248383,0.7656250000000001,200,200.22900069156861
5I,110,2.2,0.0,23.221956083323374,161.4044249402732,0.7656250000000001,200,200.22900069156861
5I,111,2.22,0.0,22.66675612527006,162.66437950665625,0.7656250000000001,200,200.22900069156861
5I,112,2.24,0.0,22.09916960626602,163.92131227571957,0.7656250000000001,200,200.22900069156861
5I,113,2.2600000000000002,0.0,21.519228494207837,165.17522548831326,0.7656250000000001,200,200.22900069156861
5I,114,2.2800000000000002,0.0,20.926964882283848,166.42612118009217,0.7656250000000001,200,200.22900069156861
5I,115,2.3000000000000003,0.0,20.322410993197803,167.67400118717478,0.7656250000000001,200,200.22900069156861
5I,116,2.32,0.0,19.70559918319727,168.9188671517719,0.7656250000000001,200,200.22900069156861
5I,117,2.34,0.0,19.0765619459082,170.16072052778296,0.7656250000000001,200,200.22900069156861
5I,118,2.36,0.0,18.43533191597725,171.39956258635755,0.7656250000000001,200,200.22900069156861
5I,119,2.38,0.0,17.7819418725235,172.63539442142047,0.7656250000000001,200,200.22900069156861
5I,120,2.4,0.0,17.116424742401414,173.86821695515786,0.7656250000000001,200,200.22900069156861
5I,121,2.42,0.0,16.438813603276934,175.09803094346248,0.7656250000000001,200,200.22900069156861
5I,122,2.44,0.0,15.749141686518767,176.32483698133643,0.7656250000000001,200,200.22900069156861
5I,123,2.46,0.0,15.047442379906965,177.54863550824902,0.7656250000000001,200,200.22900069156861
5I,124,2.48,0.0,14.333749230161045,178.76942681344835,0.7656250000000001,200,200.22900069156861
5I,125,2.5,0.0,13.608095945289977,179.98721104122458,0.7656250000000001,200,200.22900069156861
5I,126,2.52,0.0,12.870516396766444,181.20198819612338,0.7656250000000001,200,200.22900069156861
5I,127,2.54,0.0,12.121044621527878,182.4137581481078,0.7656250000000001,200,200.22900069156861
5I,128,2.56,0.0,11.359714823806826,183.62252063766718,0.7656250000000001,200,200.22900069156861
5I,129,2.58,0.0,10.586561376793302,184.82827528087137,0.7656250000000001,200,200.22900069156861
5I,130,2.6,0.0,9.801618824131834,186.0310215743692,0.7656250000000001,200,200.22900069156861
5I,131,2.62,0.0,9.004921881255965,187.2307589003296,0.7656250000000001,200,200.22900069156861
5I,132,2.64,0.0,8.196505436563031,188.4274865313242,0.7656250000000001,200,200.22900069156861
5I,133,2.66,0.0,7.3764045524321,189.6212036351504,0.7656250000000001,200,200.22900069156861
5I,134,2.68,0.0,6.544654466087987,190.81190927959346,0.7656250000000001,200,200.22900069156861
5I,135,2.7,0.0,5.701290590314297,191.99960243712678,0.7656250000000001,200,200.22900069156861
5I,136,2.72,0.0,4.846348514018494,193.18428198954965,0.7656250000000001,200,200.22900069156861
5I,137,2.74,0.0,3.9798640026520307,194.36594673256099,0.7656250000000001,200,200.22900069156861
5I,138,2.7600000000000002,0.0,3.1018729984885716,195.54459538026887,0.7656250000000001,200,200.22900069156861
5I,139,2.7800000000000002,0.0,2.2124116207634024,196.72022656963463,0.7656250000000001,200,200.22900069156861
5I,140,2.8000000000000003,0.0,1.3115161656770993,197.89283886485111,0.7656250000000001,200,200.22900069156861
5I,141,2.82,0.0,0.399223106266576,199.06243076165444,0.7656250000000001,200,200.22900069156861
5I,142,2.84,0.0,-0.5244309078533862,200.22900069156861,0.7656250000000001,200,200.22900069156861
9I,0,0.0,0.0,1.4256770503173806,1.296037231153375,0.8833984375,200,200.45264006039238
9I,1,0.02,0.0,2.8328511942161763,2.587724765044345,0.8833984375,200,200.45264006039238
9I,2,0.04,0.0,4.221625206565923,3.8751145379286607,0.8833984375,200,200.45264006039238
9I,3,0.06,0.0,5.592100076072711,5.158257713374267,0.8833984375,200,200.45264006039238
9I,4,0.08,0.0,6.944375037606437,6.437204695238714,0.8833984375,200,200.45264006039238
9I,5,0.1,0.0,8.278547603789562,7.712005140282795,0.8833984375,200,200.45264006039238
9I,6,0.12,0.0,9.594713595870424,8.98270797042943,0.8833984375,200,200.45264006039238
9I,7,0.14,0.0,10.892967173903502,10.249361384676499,0.8833984375,200,200.45264006039238
9I,8,0.16,0.0,12.173400866258364,11.512012870671999,0.8833984375,200,200.45264006039238
9I,9,0.18,0.0,13.43610559847843,12.770709215959672,0.8833984375,200,200.45264006039238
9I,10,0.2,0.0,14.681170721510085,14.0254965189029,0.8833984375,200,200.45264006039238
9I,11,0.22,0.0,15.908684039322086,15.276420199294458,0.8833984375,200,200.45264006039238
9I,12,0.24,0.0,17.118731835934717,16.523525008659433,0.8833984375,200,200.45264006039238
9I,13,0.26,0.0,18.311398901877567,17.76685504025838,0.8833984375,200,200.45264006039238
9I,14,0.28,0.0,19.48676856009435,19.006453738797557,0.8833984375,200,200.45264006039238
9I,15,0.3,0.0,20.644922691312686,20.242363909852855,0.8833984375,200,200.45264006039238
9I,16,0.32,0.0,21.785941758896307,21.47462772901386,0.8833984375,200,200.45264006039238
9I,17,0.34,0.0,22.909904833196748,22.70328675075421,0.8833984375,200,200.45264006039238
9I,18,0.36,0.0,24.016889615421103,23.928381917034308,0.8833984375,200,200.45264006039238
9I,19,0.38,0.0,25.106972461032093,25.14995356564222,0.8833984375,200,200.45264006039238
9I,20,0.4,0.0,26.18022840269624,26.368041438278414,0.8833984375,200,200.45264006039238
9I,21,0.42,0.0,27.23673117279565,27.582684688389865,0.8833984375,200,200.45264006039238
9I,22,0.44,0.0,28.27655322551848,28.793921888758863,0.8833984375,200,200.45264006039238
9I,23,0.46,0.0,29.299765758542897,30.00179103885177,0.8833984375,200,200.45264006039238
9I,24,0.48,0.0,30.30643873432894,31.206329571932777,0.8833984375,200,200.45264006039238
9I,25,0.5,0.0,31.296640901032468,32.40757436194762,0.8833984375,200,200.45264006039238
9I,26,0.52,0.0,32.27043981305502,33.60556173018209,0.8833984375,200,200.45264006039238
9I,27,0.54,0.0,33.22790185124313,34.80032745170015,0.8833984375,200,200.45264006039238
9I,28,0.56,0.0,34.16909224275043,35.99190676156614,0.8833984375,200,200.45264006039238
9I,29,0.58,0.0,35.09407508057548,37.1803343608558,0.8833984375,200,200.45264006039238
9I,30,0.6,0.0,36.002913342788226,38.365644422460434,0.8833984375,200,200.45264006039238
9I,31,0.62,0.0,36.89566891145746,39.54787059668871,0.8833984375,200,200.45264006039238
9I,32,0.64,0.0,37.7724025912917,40.7270460166704,0.8833984375,200,200.45264006039238
9I,33,0.66,0.0,38.63317412800548,41.90320330356637,0.8833984375,200,200.45264006039238
9I,34,0.68,0.0,39.47804222642288,43.07637457158902,0.8833984375,200,200.45264006039238
9I,35,0.7000000000000001,0.0,40.30706456833002,44.24659143283744,0.8833984375,200,200.45264006039238
9I,36,0.72,0.0,41.1202978300878,45.41388500195145,0.8833984375,200,200.45264006039238
9I,37,0.74,0.0,41.9177977000162,46.57828590058866,0.8833984375,200,200.45264006039238
9I,38,0.76,0.0,42.69961889556112,47.73982426172879,0.8833984375,200,200.45264006039238
9I,39,0.78,0.0,43.465815180254545,48.89852973380935,0.8833984375,200,200.45264006039238
9I,40,0.8,0.0,44.2164393804787,50.05443148469682,0.8833984375,200,200.45264006039238
9I,41,0.8200000000000001,0.0,44.95154340204461,51.207558205497726,0.8833984375,200,200.45264006039238
9I,42,0.84,0.0,45.671178246595254,52.35793811421352,0.8833984375,200,200.45264006039238
9I,43,0.86,0.0,46.375394027843434,53.505598959243834,0.8833984375,200,200.45264006039238
9I,44,0.88,0.0,47.0642399876541,54.65056802274222,0.8833984375,200,200.45264006039238
9I,45,0.9,0.0,47.73776451198087,55.79287212382882,0.8833984375,200,200.45264006039238
9I,46,0.92,0.0,48.39601514666616,56.932537621664345,0.8833984375,200,200.45264006039238
9I,47,0.9400000000000001,0.0,49.03903861311414,58.06959041838992,0.8833984375,200,200.45264006039238
9I,48,0.96,0.0,49.666880823845595,59.2040559619373,0.8833984375,200,200.45264006039238
9I,49,0.98,0.0,50.27958689794351,60.335959248714175,0.8833984375,200,200.45264006039238
9I,50,1.0,0.0,50.877201176397946,61.46532482616927,0.8833984375,200,200.45264006039238
9I,51,1.02,0.0,51.45976723735863,62.5921767952421,0.8833984375,200,200.45264006039238
9I,52,1.04,0.0,52.02732791130339,63.716538812702396,0.8833984375,200,200.45264006039238
9I,53,1.06,0.0,52.57992529613025,64.83843409338414,0.8833984375,200,200.45264006039238
9I,54,1.08,0.0,53.117600772181,65.95788541231956,0.8833984375,200,200.45264006039238
9I,55,1.1,0.0,53.64039501720342,67.07491510677826,0.8833984375,200,200.45264006039238
9I,56,1.12,0.0,54.14834802125933,68.189545078217,0.8833984375,200,200.45264006039238
9I,57,1.1400000000000001,0.0,54.64149910158536,69.30179679414555,0.8833984375,200,200.45264006039238
9I,58,1.16,0.0,55.11988691741276,70.41169128991454,0.8833984375,200,200.45264006039238
9I,59,1.18,0.0,55.58354948475255,71.51924917043091,0.8833984375,200,200.45264006039238
9I,60,1.2,0.0,56.03252419115188,72.62449061180698,0.8833984375,200,200.45264006039238
9I,61,1.22,0.0,56.466847810426955,73.72743536294925,0.8833984375,200,200.45264006039238
9I,62,1.24,0.0,56.886556517377834,74.82810274709318,0.8833984375,200,200.45264006039238
9I,63,1.26,0.0,57.29168590248972,75.92651166329007,0.8833984375,200,200.45264006039238
9I,64,1.28,0.0,57.682270986625184,77.02268058785276,0.8833984375,200,200.45264006039238
9I,65,1.3,0.0,58.05834623571126,78.1166275757666,0.8833984375,200,200.45264006039238
9I,66,1.32,0.0,58.419945575424876,79.20837026207225,0.8833984375,200,200.45264006039238
9I,67,1.34,0.0,58.76710240587977,80.29792586322733,0.8833984375,200,200.45264006039238
9I,68,1.36,0.0,59.0998496163175,81.38531117845352,0.8833984375,200,200.45264006039238
9I,69,1.3800000000000001,0.0,59.41821959980465,82.47054259107624,0.8833984375,200,200.45264006039238
9I,70,1.4000000000000001,0.0,59.72224426793794,83.55363606986377,0.8833984375,200,200.45264006039238
9I,71,1.42,0.0,60.011955065558375,84.63460717037293,0.8833984375,200,200.45264006039238
9I,72,1.44,0.0,60.287382985475126,85.71347103630842,0.8833984375,200,200.45264006039238
9I,73,1.46,0.0,60.548558583199195,86.79024240090274,0.8833984375,200,200.45264006039238
9I,74,1.48,0.0,60.795511991686524,87.86493558832404,0.8833984375,200,200.45264006039238
9I,75,1.5,0.0,61.02827293608957,88.93756451511874,0.8833984375,200,200.45264006039238
9I,76,1.52,0.0,61.24687074851588,90.00814269169594,0.8833984375,200,200.45264006039238
9I,77,1.54,0.0,61.45133438279159,91.07668322386077,0.8833984375,200,200.45264006039238
9I,78,1.56,0.0,61.6416924292273,92.14319881440326,0.8833984375,200,200.45264006039238
9I,79,1.58,0.0,61.817973129383105,93.20770176474967,0.8833984375,200,200.45264006039238
9I,80,1.6,0.0,61.980204390829265,94.27020397668268,0.8833984375,200,200.45264006039238
9I,81,1.62,0.0,62.12841380189804,95.330716954137,0.8833984375,200,200.45264006039238
9I,82,1.6400000000000001,0.0,62.26262864642216,96.38925180507663,0.8833984375,200,200.45264006039238
9I,83,1.6600000000000001,0.0,62.382875918454474,97.44581924345957,0.8833984375,200,200.45264006039238
9I,84,1.68,0.0,62.48918233696315,98.50042959129601,0.8833984375,200,200.45264006039238
9I,85,1.7,0.0,62.58157436049595,99.55309278080523,0.8833984375,200,200.45264006039238
9I,86,1.72,0.0,62.66007820180706,100.60381835667657,0.8833984375,200,200.45264006039238
9I,87,1.74,0.0,62.724719842439065,101.65261547843919,0.8833984375,200,200.45264006039238
9I,88,1.76,0.0,62.775525047252614,102.69949292294518,0.8833984375,200,200.45264006039238
9I,89,1.78,0.0,62.812519378895686,103.74445908697018,0.8833984375,200,200.45264006039238
9I,90,1.8,0.0,62.83572821220408,104.78752198993523,0.8833984375,200,200.45264006039238
9I,91,1.82,0.0,62.845176748524516,105.82868927675311,0.8833984375,200,200.45264006039238
9I,92,1.84,0.0,62.84089002995122,106.86796822080227,0.8833984375,200,200.45264006039238
9I,93,1.86,0.0,62.8228929534669,107.90536572703053,0.8833984375,200,200.45264006039238
9I,94,1.8800000000000001,0.0,62.79121028497854,108.94088833519088,0.8833984375,200,200.45264006039238
9I,95,1.9000000000000001,0.0,62.74586667323842,109.97454222321065,0.8833984375,200,200.45264006039238
9I,96,1.92,0.0,62.68688666364059,111.00633321069526,0.8833984375,200,200.45264006039238
9I,97,1.94,0.0,62.61429471188299,112.03626676256715,0.8833984375,200,200.45264006039238
9I,98,1.96,0.0,62.52811519748522,113.06434799283996,0.8833984375,200,200.45264006039238
9I,99,1.98,0.0,62.42837243715215,114.09058166852755,0.8833984375,200,200.45264006039238
9I,100,2.0,0.0,62.315090697973474,115.11497221368712,0.8833984375,200,200.45264006039238
9I,101,2.02,0.0,62.18829421044948,116.13752371359509,0.8833984375,200,200.45264006039238
9I,102,2.04,0.0,62.04800718133328,117.15823991905381,0.8833984375,200,200.45264006039238
9I,103,2.06,0.0,61.89425380628027,118.17712425082723,0.8833984375,200,200.45264006039238
9I,104,2.08,0.0,61.72705828229524,119.19417980420239,0.8833984375,200,200.45264006039238
9I,105,2.1,0.0,61.54644481996845,120.20940935367409,0.8833984375,200,200.45264006039238
9I,106,2.12,0.0,61.352437655491755,121.22281535774901,0.8833984375,200,200.45264006039238
9I,107,2.14,0.0,61.14506106244645,122.23439996386551,0.8833984375,200,200.45264006039238
9I,108,2.16,0.0,60.92433936335482,123.24416501342485,0.8833984375,200,200.45264006039238
9I,109,2.18,0.0,60.69029694098768,124.25211204692934,0.8833984375,200,200.45264006039238
9I,110,2.2,0.0,60.442958249420755,125.25824230922257,0.8833984375,200,200.45264006039238
9I,111,2.22,0.0,60.182347824833,126.26255675482645,0.8833984375,200,200.45264006039238
9I,112,2.24,0.0,59.90849029604057,127.26505605336999,0.8833984375,200,200.45264006039238
9I,113,2.2600000000000002,0.0,59.62141039476052,128.26574059510384,0.8833984375,200,200.45264006039238
9I,114,2.2800000000000002,0.0,59.32113296559889,129.26461049649504,0.8833984375,200,200.45264006039238
9I,115,2.3000000000000003,0.0,59.007682975758286,130.26166560589613,0.8833984375,200,200.45264006039238
9I,116,2.32,0.0,58.681085524460485,131.25690550928206,0.8833984375,200,200.45264006039238
9I,117,2.34,0.0,58.341365852080344,132.25032953604932,0.8833984375,200,200.45264006039238
9I,118,2.36,0.0,57.98854934898753,133.24193676487056,0.8833984375,200,200.45264006039238
9I,119,2.38,0.0,57.62266156409333,134.23172602959852,0.8833984375,200,200.45264006039238
9I,120,2.4,0.0,57.24372821310012,135.21969592521313,0.8833984375,200,200.45264006039238
9I,121,2.42,0.0,56.851775186451825,136.20584481380507,0.8833984375,200,200.45264006039238
9I,122,2.44,0.0,56.44682855698386,137.1901708305898,0.8833984375,200,200.45264006039238
9I,123,2.46,0.0,56.028914587271906,138.17267188994575,0.8833984375,200,200.45264006039238
9I,124,2.48,0.0,55.59805973667905,139.1533456914703,0.8833984375,200,200.45264006039238
9I,125,2.5,0.0,55.154290668101446,140.13218972604773,0.8833984375,200,200.45264006039238
9I,126,2.52,0.0,54.697634254413074,141.10920128192313,0.8833984375,200,200.45264006039238
9I,127,2.54,0.0,54.22811758461052,142.08437745077623,0.8833984375,200,200.45264006039238
9I,128,2.56,0.0,53.74576796965927,143.05771513378963,0.8833984375,200,200.45264006039238
9I,129,2.58,0.0,53.250612948043205,144.02921104770604,0.8833984375,200,200.45264006039238
9I,130,2.6,0.0,52.74268029101959,144.99886173086892,0.8833984375,200,200.45264006039238
9I,131,2.62,0.0,52.22199800758195,145.96666354924147,0.8833984375,200,200.45264006039238
9I,132,2.64,0.0,51.68859434913377,146.93261270239907,0.8833984375,200,200.45264006039238
9I,133,2.66,0.0,51.14249781387613,147.8967052294903,0.8833984375,200,200.45264006039238
9I,134,2.68,0.0,50.583737150912775,148.858937015162,0.8833984375,200,200.45264006039238
9I,135,2.7,0.0,50.01234136407625,149.81930379544423,0.8833984375,200,200.45264006039238
9I,136,2.72,0.0,49.4283397154792,150.7778011635905,0.8833984375,200,200.45264006039238
9I,137,2.74,0.0,48.83176172879483,151.73442457587007,0.8833984375,200,200.45264006039238
9I,138,2.7600000000000002,0.0,48.222637192271144,152.68916935730783,0.8833984375,200,200.45264006039238
9I,139,2.7800000000000002,0.0,47.60099616148331,153.64203070736917,0.8833984375,200,200.45264006039238
9I,140,2.8000000000000003,0.0,46.96686896182907,154.59300370558572,0.8833984375,200,200.45264006039238
9I,141,2.82,0.0,46.320286190771995,155.5420833171195,0.8833984375,200,200.45264006039238
9I,142,2.84,0.0,45.66127871983757,156.4892643982626,0.8833984375,200,200.45264006039238
9I,143,2.86,0.0,44.98987769636736,157.43454170186934,0.8833984375,200,200.45264006039238
9I,144,2.88,0.0,44.306114545036316,158.3779098827191,0.8833984375,200,200.45264006039238
9I,145,2.9,0.0,43.610020969138624,159.31936350280733,0.8833984375,200,200.45264006039238
9I,146,2.92,0.0,42.90162895164743,160.25889703656247,0.8833984375,200,200.45264006039238
9I,147,2.94,0.0,42.18097075605382,161.19650487598747,0.8833984375,200,200.45264006039238
9I,148,2.96,0.0,41.44807892699049,162.13218133572389,0.8833984375,200,200.45264006039238
9I,149,2.98,0.0,40.702986290645704,163.0659206580372,0.8833984375,200,200.45264006039238
9I,150,3.0,0.0,39.945725954972744,163.9977170177221,0.8833984375,200,200.45264006039238
9I,151,3.02,0.0,39.176331309700636,164.9275645269266,0.8833984375,200,200.45264006039238
9I,152,3.04,0.0,38.394836026151374,165.85545723989387,0.8833984375,200,200.45264006039238
9I,153,3.06,0.0,37.60127405686925,166.78138915762105,0.8833984375,200,200.45264006039238
9I,154,3.08,0.0,36.795679635067586,167.70535423243447,0.8833984375,200,200.45264006039238
9I,155,3.1,0.0,35.978087273898346,168.6273463724805,0.8833984375,200,200.45264006039238
9I,156,3.12,0.0,35.14853176554994,169.54735944613174,0.8833984375,200,200.45264006039238
9I,157,3.14,0.0,34.30704818017847,170.46538728630816,0.8833984375,200,200.45264006039238
9I,158,3.16,0.0,33.45367186467771,171.38142369471308,0.8833984375,200,200.45264006039238
9I,159,3.18,0.0,32.588438441292965,172.29546244598382,0.8833984375,200,200.45264006039238
9I,160,3.2,0.0,31.711383806083973,173.2074972917571,0.8833984375,200,200.45264006039238
9I,161,3.22,0.0,30.82254412724179,174.11752196464928,0.8833984375,200,200.45264006039238
9I,162,3.24,0.0,29.921955843264776,175.0255301821514,0.8833984375,200,200.45264006039238
9I,163,3.2600000000000002,0.0,29.009655660998433,175.93151565043993,0.8833984375,200,200.45264006039238
9I,164,3.2800000000000002,0.0,28.085680553544044,176.83547206810263,0.8833984375,200,200.45264006039238
9I,165,3.3000000000000003,0.0,27.150067758040763,177.73739312978086,0.8833984375,200,200.45264006039238
9I,166,3.3200000000000003,0.0,26.202854773325857,178.63727252972825,0.8833984375,200,200.45264006039238
9I,167,3.34,0.0,25.24407935747769,179.53510396528654,0.8833984375,200,200.45264006039238
9I,168,3.36,0.0,24.273779525245892,180.43088114027896,0.8833984375,200,200.45264006039238
9I,169,3.38,0.0,23.291993545373174,181.32459776832204,0.8833984375,200,200.45264006039238
9I,170,3.4,0.0,22.298759937813074,182.2162475760565,0.8833984375,200,200.45264006039238
9I,171,3.42,0.0,21.294117470847898,183.1058243062978,0.8833984375,200,200.45264006039238
9I,172,3.44,0.0,20.278105158110968,183.99332172110724,0.8833984375,200,200.45264006039238
9I,173,3.46,0.0,19.250762255517294,184.87873360478451,0.8833984375,200,200.45264006039238
9I,174,3.48,0.0,18.212128258106596,185.76205376678243,0.8833984375,200,200.45264006039238
9I,175,3.5,0.0,17.16224289680259,186.6432760445446,0.8833984375,200,200.45264006039238
9I,176,3.52,0.0,16.101146135092357,187.52239430626722,0.8833984375,200,200.45264006039238
9I,177,3.54,0.0,15.028878165629505,188.3994024535858,0.8833984375,200,200.45264006039238
9I,178,3.56,0.0,13.945479406764754,189.27429442418747,0.8833984375,200,200.45264006039238
9I,179,3.58,0.0,12.850990499007521,190.14706419435032,0.8833984375,200,200.45264006039238
9I,180,3.6,0.0,11.745452301421967,191.0177057814103,0.8833984375,200,200.45264006039238
9I,181,3.62,0.0,10.628905887960906,191.88621324615713,0.8833984375,200,200.45264006039238
9I,182,3.64,0.0,9.501392543740895,192.75258069515942,0.8833984375,200,200.45264006039238
9I,183,3.66,0.0,8.362953761261723,193.61680228302114,0.8833984375,200,200.45264006039238
9I,184,3.68,0.0,7.21363123657349,194.4788722145693,0.8833984375,200,200.45264006039238
9I,185,3.7,0.0,6.053466865394325,195.33878474697462,0.8833984375,200,200.45264006039238
9I,186,3.72,0.0,4.882502739181784,196.19653419180588,0.8833984375,200,200.45264006039238
9I,187,3.74,0.0,3.7007811411608347,197.05211491701905,0.8833984375,200,200.45264006039238
9I,188,3.7600000000000002,0.0,2.508344542311317,197.90552134888213,0.8833984375,200,200.45264006039238
9I,189,3.7800000000000002,0.0,1.3052355973176497,198.75674797383684,0.8833984375,200,200.45264006039238
9I,190,3.8000000000000003,0.0,0.09149714048352453,199.60578934029812,0.8833984375,200,200.45264006039238
9I,191,3.8200000000000003,0.0,-1.1328278183857723,200.45264006039238,0.8833984375,200,200.45264006039238
PW,0,0.0,0.0,1.5407706201536282,1.2144997079095454,0.925,200,199.57669833806364
PW,1,0.02,0.0,3.062557702974142,2.424848992770433,0.925,200,199.57669833806364
PW,2,0.04,0.0,4.56547240431614,3.6310988481912156,0.925,200,199.57669833806364
PW,3,0.06,0.0,6.0496239428941845,4.833299515613152,0.925,200,199.57669833806364
PW,4,0.08,0.0,7.515119635695447,6.03150049760506,0.925,200,199.57669833806364
PW,5,0.1,0.0,8.962064932548598,7.225750570789605,0.925,200,199.57669833806364
PW,6,0.12,0.0,10.390563449874817,8.416097798410346,0.925,200,199.57669833806364
PW,7,0.14,0.0,11.800717003646009,9.602589542548497,0.925,200,199.57669833806364
PW,8,0.16,0.0,13.192625641574573,10.785272475998049,0.925,200,199.57669833806364
PW,9,0.18,0.0,14.566387674558293,11.96419259380759,0.925,200,199.57669833806364
PW,10,0.2,0.0,15.922099707403286,13.139395224496814,0.925,200,199.57669833806364
PW,11,0.22,0.0,17.25985666884721,14.310925040955475,0.925,200,199.57669833806364
PW,12,0.24,0.0,18.57975184090434,15.478826071032202,0.925,200,199.57669833806364
PW,13,0.26,0.0,19.881876887553485,16.643141707820376,0.925,200,199.57669833806364
PW,14,0.28,0.0,21.166321882789152,17.803914719647953,0.925,200,199.57669833806364
PW,15,0.3,0.0,22.433175338055758,18.96118725977791,0.925,200,199.57669833806364
PW,16,0.32,0.0,23.682524229084226,20.115000875825743,0.925,200,199.57669833806364
PW,17,0.34,0.0,24.914454022149723,21.265396518900204,0.925,200,199.57669833806364
PW,18,0.36,0.0,26.129048699768834,22.41241455247322,0.925,200,199.57669833806364
PW,19,0.38,0.0,27.326390785854002,23.55609476098482,0.925,200,199.57669833806364
PW,20,0.4,0.0,28.50656137034262,24.696476358188566,0.925,200,199.57669833806364
PW,21,0.42,0.0,29.669640133317692,25.833597995242876,0.925,200,199.57669833806364
PW,22,0.44,0.0,30.81570536863665,26.967497768553436,0.925,200,199.57669833806364
PW,23,0.46,0.0,31.944834007084445,28.09821322737168,0.925,200,199.57669833806364
PW,24,0.48,0.0,33.057101639066715,29.22578138115419,0.925,200,199.57669833806364
PW,25,0.5,0.0,34.152582536858425,30.350238706687698,0.925,200,199.57669833806364
PW,26,0.52,0.0,35.23134967642313,31.471621154984216,0.925,200,199.57669833806364
PW,27,0.54,0.0,36.29347475881756,32.589964157950675,0.925,200,199.57669833806364
PW,28,0.56,0.0,37.33902823119603,33.70530263483733,0.925,200,199.57669833806364
PW,29,0.58,0.0,38.36807930742888,34.81767099846907,0.925,200,199.57669833806364
PW,30,0.6,0.0,39.38069598834874,35.92710316126363,0.925,200,199.57669833806364
PW,31,0.62,0.0,40.37694508163837,37.033632541040625,0.925,200,199.57669833806364
PW,32,0.64,0.0,41.35689222137337,38.13729206662517,0.925,200,199.57669833806364
PW,33,0.66,0.0,42.32060188723295,39.23811418324988,0.925,200,199.57669833806364
PW,34,0.68,0.0,43.26813742339164,40.33613085775875,0.925,200,199.57669833806364
PW,35,0.7000000000000001,0.0,44.1995610571047,41.43137358361661,0.925,200,199.57669833806364
PW,36,0.72,0.0,45.11493391699963,42.52387338572756,0.925,200,199.57669833806364
PW,37,0.74,0.0,46.01431605108617,43.61366082506578,0.925,200,199.57669833806364
PW,38,0.76,0.0,46.897766444496824,44.70076600312222,0.925,200,199.57669833806364
PW,39,0.78,0.0,47.76534303696993,45.78521856617041,0.925,200,199.57669833806364
PW,40,0.8,0.0,48.61710274008691,46.86704770935475,0.925,200,199.57669833806364
PW,41,0.8200000000000001,0.0,49.45310145427541,47.94628218060456,0.925,200,199.57669833806364
PW,42,0.84,0.0,50.27339408558972,49.02295028437719,0.925,200,199.57669833806364
PW,43,0.86,0.0,51.078034562279704,50.09707988523345,0.925,200,199.57669833806364
PW,44,0.88,0.0,51.86707585115948,51.168698411248684,0.925,200,199.57669833806364
PW,45,0.9,0.0,52.64056997378672,52.2378328572628,0.925,200,199.57669833806364
PW,46,0.92,0.0,53.39856802246352,53.304509787972556,0.925,200,199.57669833806364
PW,47,0.9400000000000001,0.0,54.141120176069464,54.36875534086953,0.925,200,199.57669833806364
PW,48,0.96,0.0,54.86827571573745,55.430595229027205,0.925,200,199.57669833806364
PW,49,0.98,0.0,55.580083040382725,56.49005474374066,0.925,200,199.57669833806364
PW,50,1.0,0.0,56.276589682095434,57.54715875702239,0.925,200,199.57669833806364
PW,51,1.02,0.0,56.9578423214067,58.601931723957975,0.925,200,199.57669833806364
PW,52,1.04,0.0,57.62388680243835,59.6543976849253,0.925,200,199.57669833806364
PW,53,1.06,0.0,58.27476814794603,60.70458026768118,0.925,200,199.57669833806364
PW,54,1.08,0.0,58.9105305742654,61.75250268931934,0.925,200,199.57669833806364
PW,55,1.1,0.0,59.53121750617098,62.79818775810385,0.925,200,199.57669833806364
PW,56,1.12,0.0,60.13687159165685,63.84165787518223,0.925,200,199.57669833806364
PW,57,1.1400000000000001,0.0,60.72753471664844,64.88293503618259,0.925,200,199.57669833806364
PW,58,1.16,0.0,61.30324801965441,65.9220408326993,0.925,200,199.57669833806364
PW,59,1.18,0.0,61.86405190636718,66.95899645367194,0.925,200,199.57669833806364
PW,60,1.2,0.0,62.409986064220874,67.99382268666228,0.925,200,199.57669833806364
PW,61,1.22,0.0,62.94108947691476,69.02653991903443,0.925,200,199.57669833806364
PW,62,1.24,0.0,63.457400438910376,70.05716813904328,0.925,200,199.57669833806364
PW,63,1.26,0.0,63.95895656991001,71.08572693683674,0.925,200,199.57669833806364
PW,64,1.28,0.0,64.44579482932409,72.11223550537728,0.925,200,199.57669833806364
PW,65,1.3,0.0,64.91795153073457,73.1367126412888,0.925,200,199.57669833806364
PW,66,1.32,0.0,65.37546235636133,74.15917674563447,0.925,200,199.57669833806364
PW,67,1.34,0.0,65.81836237153783,75.17964582463227,0.925,200,199.57669833806364
PW,68,1.36,0.0,66.24668603920242,76.19813749031421,0.925,200,199.57669833806364
PW,69,1.3800000000000001,0.0,66.6604672344108,77.21466896113616,0.925,200,199.57669833806364
PW,70,1.4000000000000001,0.0,67.05973925887521,78.22925706254502,0.925,200,199.57669833806364
PW,71,1.42,0.0,67.44453485553484,79.2419182275104,0.925,200,199.57669833806364
PW,72,1.44,0.0,67.81488622316225,80.25266849702788,0.925,200,199.57669833806364
PW,73,1.46,0.0,68.17082503100944,81.26152352060149,0.925,200,199.57669833806364
PW,74,1.48,0.0,68.51238243349707,82.26849855671274,0.925,200,199.57669833806364
PW,75,1.5,0.0,68.83958908494955,83.27360847328441,0.925,200,199.57669833806364
PW,76,1.52,0.0,69.15247515437851,84.27686774814649,0.925,200,199.57669833806364
PW,77,1.54,0.0,69.45107034031595,85.27829046951273,0.925,200,199.57669833806364
PW,78,1.56,0.0,69.73540388569856,86.27789033647576,0.925,200,199.57669833806364
PW,79,1.58,0.0,70.0055045928032,87.27568065952916,0.925,200,199.57669833806364
PW,80,1.6,0.0,70.26140083823373,88.27167436112452,0.925,200,199.57669833806364
PW,81,1.62,0.0,70.50312058795791,89.26588397627225,0.925,200,199.57669833806364
PW,82,1.6400000000000001,0.0,70.73069141239314,90.25832165319413,0.925,200,199.57669833806364
PW,83,1.6600000000000001,0.0,70.94414050153841,91.24899915403616,0.925,200,199.57669833806364
PW,84,1.68,0.0,71.14349468014976,92.23792785564987,0.925,200,199.57669833806364
PW,85,1.7,0.0,71.32878042295536,93.2251187504504,0.925,200,199.57669833806364
PW,86,1.72,0.0,71.50002386990593,94.21058244735933,0.925,200,199.57669833806364
PW,87,1.74,0.0,71.65725084145525,95.19432917284017,0.925,200,199.57669833806364
PW,88,1.76,0.0,71.80048685386504,96.17636877203434,0.925,200,199.57669833806364
PW,89,1.78,0.0,71.9297571345276,97.156710710005,0.925,200,199.57669833806364
PW,90,1.8,0.0,72.0450866372991,98.13536407309597,0.925,200,199.57669833806364
PW,91,1.82,0.0,72.14650005783545,99.11233757041269,0.925,200,199.57669833806364
PW,92,1.84,0.0,72.23402184892257,100.08763953543168,0.925,200,199.57669833806364
PW,93,1.86,0.0,72.30767623579153,101.06127792774464,0.925,200,199.57669833806364
PW,94,1.8800000000000001,0.0,72.36748723140934,102.03326033494312,0.925,200,199.57669833806364
PW,95,1.9000000000000001,0.0,72.41347865173464,103.00359397464872,0.925,200,199.57669833806364
PW,96,1.92,0.0,72.44567413092794,103.97228569669382,0.925,200,199.57669833806364
PW,97,1.94,0.0,72.46409713650515,104.93934198545706,0.925,200,199.57669833806364
PW,98,1.96,0.0,72.4687709844225,105.90476896235727,0.925,200,199.57669833806364
PW,99,1.98,0.0,72.45971885408144,106.86857238850887,0.925,200,199.57669833806364
PW,100,2.0,0.0,72.43696380324069,107.83075766754158,0.925,200,199.57669833806364
PW,101,2.02,0.0,72.40052878282333,108.79132984858603,0.925,200,199.57669833806364
PW,102,2.04,0.0,72.35043665160623,109.75029362942688,0.925,200,199.57669833806364
PW,103,2.06,0.0,72.28671019077878,110.70765335982391,0.925,200,199.57669833806364
PW,104,2.08,0.0,72.2093721183583,111.66341304500135,0.925,200,199.57669833806364
PW,105,2.1,0.0,72.1184451034493,112.61757634930467,0.925,200,199.57669833806364
PW,106,2.12,0.0,72.01395178033358,113.57014660002375,0.925,200,199.57669833806364
PW,107,2.14,0.0,71.89591476237881,114.52112679138057,0.925,200,199.57669833806364
PW,108,2.16,0.0,71.7643566557529,115.47051958867895,0.925,200,199.57669833806364
PW,109,2.18,0.0,71.61930007293218,116.41832733261337,0.925,200,199.57669833806364
PW,110,2.2,0.0,71.4607676459912,117.36455204373314,0.925,200,199.57669833806364
PW,111,2.22,0.0,71.28878203966303,118.309195427058,0.925,200,199.57669833806364
PW,112,2.24,0.0,71.10336596415853,119.25225887684027,0.925,200,199.57669833806364
PW,113,2.2600000000000002,0.0,70.90454218773414,120.19374348146852,0.925,200,199.57669833806364
PW,114,2.2800000000000002,0.0,70.6923335489981,121.13365002850713,0.925,200,199.57669833806364
PW,115,2.3000000000000003,0.0,70.46676296894536,122.07197900986581,0.925,200,199.57669833806364
PW,116,2.32,0.0,70.2278534627121,123.00873062709249,0.925,200,199.57669833806364
PW,117,2.34,0.0,69.97562815104173,123.9439047967831,0.925,200,199.57669833806364
PW,118,2.36,0.0,69.71011027145423,124.87750115610108,0.925,200,199.57669833806364
PW,119,2.38,0.0,69.43132318911195,125.80951906839931,0.925,200,199.57669833806364
PW,120,2.4,0.0,69.13929040737534,126.73995762893719,0.925,200,199.57669833806364
PW,121,2.42,0.0,68.83403557804276,127.66881567068489,0.925,200,199.57669833806364
PW,122,2.44,0.0,68.51558251126946,128.59609177020727,0.925,200,199.57669833806364
PW,123,2.46,0.0,68.18395518516114,129.52178425361944,0.925,200,199.57669833806364
PW,124,2.48,0.0,67.83917775503858,130.4458912026062,0.925,200,199.57669833806364
PW,125,2.5,0.0,67.48127456237016,131.36841046049707,0.925,200,199.57669833806364
PW,126,2.52,0.0,67.11027014337006,132.28933963838958,0.925,200,199.57669833806364
PW,127,2.54,0.0,66.72618923726034,133.2086761213123,0.925,200,199.57669833806364
PW,128,2.56,0.0,66.329056794196,134.1264170744205,0.925,200,199.57669833806364
PW,129,2.58,0.0,65.91889798285244,135.04255944921624,0.925,200,199.57669833806364
PW,130,2.6,0.0,65.4957381976756,135.95709998978597,0.925,200,199.57669833806364
PW,131,2.62,0.0,65.05960306579566,136.8700352390477,0.925,200,199.57669833806364
PW,132,2.64,0.0,64.61051845360528,137.78136154500112,0.925,200,199.57669833806364
PW,133,2.66,0.0,64.1485104730047,138.69107506697367,0.925,200,199.57669833806364
PW,134,2.68,0.0,63.67360548731556,139.59917178185574,0.925,200,199.57669833806364
PW,135,2.7,0.0,63.18583011686654,140.50564749031867,0.925,200,199.57669833806364
PW,136,2.72,0.0,62.68521124425402,141.41049782300942,0.925,200,199.57669833806364
PW,137,2.74,0.0,62.171776019281296,142.31371824671606,0.925,200,199.57669833806364
PW,138,2.7600000000000002,0.0,61.6455518635805,143.21530407049835,0.925,200,199.57669833806364
PW,139,2.7800000000000002,0.0,61.10656647492148,144.11525045177828,0.925,200,199.57669833806364
PW,140,2.8000000000000003,0.0,60.554847831212385,145.01355240238533,0.925,200,199.57669833806364
PW,141,2.82,0.0,59.990424194196905,145.91020479455187,0.925,200,199.57669833806364
PW,142,2.84,0.0,59.41332411285335,146.80520236685422,0.925,200,199.57669833806364
PW,143,2.86,0.0,58.82357642650106,147.69853973009515,0.925,200,199.57669833806364
PW,144,2.88,0.0,58.221210267619746,148.59021137312405,0.925,200,199.57669833806364
PW,145,2.9,0.0,57.60625506438759,149.48021166859112,0.925,200,199.57669833806364
PW,146,2.92,0.0,56.9787405429441,150.36853487863223,0.925,200,199.57669833806364
PW,147,2.94,0.0,56.338696729383784,151.25517516048154,0.925,200,199.57669833806364
PW,148,2.96,0.0,55.686153951486816,152.14012657200902,0.925,200,199.57669833806364
PW,149,2.98,0.0,55.02114284019305,153.02338307718037,0.925,200,199.57669833806364
PW,150,3.0,0.0,54.34369433082561,153.90493855143694,0.925,200,199.57669833806364
PW,151,3.02,0.0,53.65383966407057,154.78478678699403,0.925,200,199.57669833806364
PW,152,3.04,0.0,52.95161038671896,155.66292149805517,0.925,200,199.57669833806364
PW,153,3.06,0.0,52.23703835217775,156.53933632594132,0.925,200,199.57669833806364
PW,154,3.08,0.0,51.51015572075597,157.4140248441333,0.925,200,199.57669833806364
PW,155,3.1,0.0,50.77099495973256,158.2869805632265,0.925,200,199.57669833806364
PW,156,3.12,0.0,50.019588843212254,159.15819693579655,0.925,200,199.57669833806364
PW,157,3.14,0.0,49.25597045177576,160.02766736117562,0.925,200,199.57669833806364
PW,158,3.16,0.0,48.48017317193062,160.89538519013828,0.925,200,199.57669833806364
PW,159,3.18,0.0,47.692230695368906,161.76134372949667,0.925,200,199.57669833806364
PW,160,3.2,0.0,46.89217701803785,162.62553624660455,0.925,200,199.57669833806364
PW,161,3.22,0.0,46.08004643902961,163.48795597377023,0.925,200,199.57669833806364
PW,162,3.24,0.0,45.25587355929604,164.34859611257792,0.925,200,199.57669833806364
PW,163,3.2600000000000002,0.0,44.419693280194416,165.20744983811807,0.925,200,199.57669833806364
PW,164,3.2800000000000002,0.0,43.5715408018699,166.06451030312644,0.925,200,199.57669833806364
PW,165,3.3000000000000003,0.0,42.711451621480535,166.9197706420325,0.925,200,199.57669833806364
PW,166,3.3200000000000003,0.0,41.839461531270246,167.77322397491722,0.925,200,199.57669833806364
PW,167,3.34,0.0,40.955606616495494,168.6248634113812,0.925,200,199.57669833806364
PW,168,3.36,0.0,40.05992325321093,169.47468205432295,0.925,200,199.57669833806364
PW,169,3.38,0.0,39.15244810591935,170.32267300362872,0.925,200,199.57669833806364
PW,170,3.4,0.0,38.2332181250911,171.1688293597741,0.925,200,199.57669833806364
PW,171,3.42,0.0,37.30227054455818,172.01314422733813,0.925,200,199.57669833806364
PW,172,3.44,0.0,36.359642878787824,172.85561071843117,0.925,200,199.57669833806364
PW,173,3.46,0.0,35.40537292004052,173.69622195603668,0.925,200,199.57669833806364
PW,174,3.48,0.0,34.43949873541728,174.53497107726852,0.925,200,199.57669833806364
PW,175,3.5,0.0,33.462058663800725,175.37185123654416,0.925,200,199.57669833806364
PW,176,3.52,0.0,32.47309131269456,176.20685560867517,0.925,200,199.57669833806364
PW,177,3.54,0.0,31.47263555496588,177.0399773918758,0.925,200,199.57669833806364
PW,178,3.56,0.0,30.460730525494707,177.8712098106906,0.925,200,199.57669833806364
PW,179,3.58,0.0,29.437415617734835,178.70054611884245,0.925,200,199.57669833806364
PW,180,3.6,0.0,28.402730480190282,179.52797960200175,0.925,200,199.57669833806364
PW,181,3.62,0.0,27.35671501281125,180.35350358047802,0.925,200,199.57669833806364
PW,182,3.64,0.0,26.29940936331359,181.17711141183506,0.925,200,199.57669833806364
PW,183,3.66,0.0,25.230853923425585,181.99879649343066,0.925,200,199.57669833806364
PW,184,3.68,0.0,24.15108932506576,182.81855226488213,0.925,200,199.57669833806364
PW,185,3.7,0.0,23.060156436455408,183.6363722104586,0.925,200,199.57669833806364
PW,186,3.72,0.0,21.958096358169318,184.4522498614015,0.925,200,199.57669833806364
PW,187,3.74,0.0,20.844950419128224,185.26617879817402,0.925,200,199.57669833806364
PW,188,3.7600000000000002,0.0,19.7207601725363,186.078152652641,0.925,200,199.57669833806364
PW,189,3.7800000000000002,0.0,18.58556739176698,186.88816511018018,0.925,200,199.57669833806364
PW,190,3.8000000000000003,0.0,17.43941406620036,187.69620991172616,0.925,200,199.57669833806364
PW,191,3.8200000000000003,0.0,16.282342397015203,188.50228085574784,0.925,200,199.57669833806364
PW,192,3.84,0.0,15.114394792938652,189.30637180016097,0.925,200,199.57669833806364
PW,193,3.86,0.0,13.935613865956574,190.10847666417638,0.925,200,199.57669833806364
PW,194,3.88,0.0,12.746042426987415,190.90858943008547,0.925,200,199.57669833806364
PW,195,3.9,0.0,11.545723481522362,191.70670414498386,0.925,200,199.57669833806364
PW,196,3.92,0.0,10.334700225234545,192.50281492243423,0.925,200,199.57669833806364
PW,197,3.94,0.0,9.113016039559927,193.29691594406955,0.925,200,199.57669833806364
PW,198,3.96,0.0,7.88071448725246,194.08900146113785,0.925,200,199.57669833806364
PW,199,3.98,0.0,6.637839307916035,194.87906579598928,0.925,200,199.57669833806364
PW,200,4.0,0.0,5.384434413515657,195.6671033435069,0.925,200,199.57669833806364
PW,201,4.0200000000000005,0.0,4.120543883870227,196.45310857248208,0.925,200,199.57669833806364
PW,202,4.04,0.0,2.846211962129265,197.2370760269354,0.925,200,199.57669833806364
PW,203,4.0600000000000005,0.0,1.561483050235797,198.0190003273843,0.925,200,199.57669833806364
PW,204,4.08,0.0,0.2664017043776272,198.79887617205847,0.925,200,199.57669833806364
PW,205,4.1,0.0,-1.0389873695708929,199.57669833806364,0.925,200,199.57669833806364
SW,0,0.0,0.0,1.6812319854893076,1.143258280619489,1.103125,200,199.61638629493967
SW,1,0.02,0.0,3.3427917987949556,2.2824677318802973,1.103125,200,199.61638629493967
SW,2,0.04,0.0,4.98480273724342,3.417679461879102,1.103125,200,199.61638629493967
SW,3,0.06,0.0,6.607385940323604,4.548943822141393,1.103125,200,199.61638629493967
SW,4,0.08,0.0,8.210660430150664,5.676310421828563,1.103125,200,199.61638629493967
SW,5,0.1,0.0,9.794743150924342,6.799828141556311,1.103125,200,199.61638629493967
SW,6,0.12,0.0,11.359749007412493,7.919545146834691,1.103125,200,199.61638629493967
SW,7,0.14,0.0,12.905790902489525,9.03550890113978,1.103125,200,199.61638629493967
SW,8,0.16,0.0,14.432979773758463,10.147766178626526,1.103125,200,199.61638629493967
SW,9,0.18,0.0,15.941424629284482,11.256363076492008,1.103125,200,199.61638629493967
SW,10,0.2,0.0,17.431232582466816,12.361345026997965,1.103125,200,199.61638629493967
SW,11,0.22,0.0,18.902508886075143,13.462756809161128,1.103125,200,199.61638629493967
SW,12,0.24,0.0,20.35535696547573,14.560642560119566,1.103125,200,199.61638629493967
SW,13,0.26,0.0,21.789878451071814,15.655045786182942,1.103125,200,199.61638629493967
SW,14,0.28,0.0,23.206173209982015,16.746009373574264,1.103125,200,199.61638629493967
SW,15,0.3,0.0,24.604339376979773,17.833575598870457,1.103125,200,199.61638629493967
SW,16,0.32,0.0,25.984473384716235,18.91778613914875,1.103125,200,199.61638629493967
SW,17,0.34,0.0,27.346669993248263,19.998682081845665,1.103125,200,199.61638629493967
SW,18,0.36,0.0,28.691022318892653,21.076303934335094,1.103125,200,199.61638629493967
SW,19,0.38,0.0,30.01762186242708,22.150691633231695,1.103125,200,199.61638629493967
SW,20,0.4,0.0,31.32655853665768,23.22188455342565,1.103125,200,199.61638629493967
SW,21,0.42,0.0,32.617920693372604,24.28992151685451,1.103125,200,199.61638629493967
SW,22,0.44,0.0,33.89179514970049,25.354840801017712,1.103125,200,199.61638629493967
SW,23,0.46,0.0,35.14826721389211,26.416680147239102,1.103125,200,199.61638629493967
SW,24,0.48,0.0,36.38742071054312,27.47547676868257,1.103125,200,199.61638629493967
SW,25,0.5,0.0,37.609338005275326,28.531267358125735,1.103125,200,199.61638629493967
SW,26,0.52,0.0,38.81410002889352,29.584088095496423,1.103125,200,199.61638629493967
SW,27,0.54,0.0,40.00178630103435,30.633974655176484,1.103125,200,199.61638629493967
SW,28,0.56,0.0,41.17247495332351,31.68096221307731,1.103125,200,199.61638629493967
SW,29,0.58,0.0,42.326242752057055,32.7250854534913,1.103125,200,199.61638629493967
SW,30,0.6,0.0,43.463165120422275,33.76637857572326,1.103125,200,199.61638629493967
SW,31,0.62,0.0,44.58331616027327,34.80487530050566,1.103125,200,199.61638629493967
SW,32,0.64,0.0,45.68676867347603,35.84060887620151,1.103125,200,199.61638629493967
SW,33,0.66,0.0,46.77359418283755,36.873612084798424,1.103125,200,199.61638629493967
SW,34,0.68,0.0,47.843862952633124,37.903917247697315,1.103125,200,199.61638629493967
SW,35,0.7000000000000001,0.0,48.89764400874589,38.93155623129913,1.103125,200,199.61638629493967
SW,36,0.72,0.0,49.935005158432205,39.956560452392814,1.103125,200,199.61638629493967
SW,37,0.74,0.0,50.956013009726334,40.97896088334759,1.103125,200,199.61638629493967
SW,38,0.76,0.0,51.96073299049773,41.9987880571126,1.103125,200,199.61638629493967
SW,39,0.78,0.0,52.94922936717383,43.01607207202681,1.103125,200,199.61638629493967
SW,40,0.8,0.0,53.92156526314124,44.030842596442,1.103125,200,199.61638629493967
SW,41,0.8200000000000001,0.0,54.87780267683792,45.04312887316155,1.103125,200,199.61638629493967
SW,42,0.84,0.0,55.81800249954881,46.05295972369775,1.103125,200,199.61638629493967
SW,43,0.86,0.0,56.742224532917135,47.060363552350154,1.103125,200,199.61638629493967
SW,44,0.88,0.0,57.650527506183614,48.065368350107676,1.103125,200,199.61638629493967
SW,45,0.9,0.0,58.54296909316549,49.06800169837671,1.103125,200,199.61638629493967
SW,46,0.92,0.0,59.41960592898721,50.06829077253795,1.103125,200,199.61638629493967
SW,47,0.9400000000000001,0.0,60.28049362657456,51.06626234533419,1.103125,200,199.61638629493967
SW,48,0.96,0.0,61.12568679292379,52.06194279009163,1.103125,200,199.61638629493967
SW,49,0.98,0.0,61.95523904515723,53.055358083777016,1.103125,200,199.61638629493967
SW,50,1.0,0.0,62.769203026376886,54.04653380989307,1.103125,200,199.61638629493967
SW,51,1.02,0.0,63.567630421327195,55.03549516121457,1.103125,200,199.61638629493967
SW,52,1.04,0.0,64.35057197187818,56.02226694236761,1.103125,200,199.61638629493967
SW,53,1.06,0.0,65.1180774923402,57.006873572254435,1.103125,200,199.61638629493967
SW,54,1.08,0.0,65.87019588462122,57.989339086326424,1.103125,200,199.61638629493967
SW,55,1.1,0.0,66.60697515323761,58.96968713870776,1.103125,200,199.61638629493967
SW,56,1.12,0.0,67.32846242018941,59.9479410041725,1.103125,200,199.61638629493967
SW,57,1.1400000000000001,0.0,68.03470393971064,60.92412357997769,1.103125,200,199.61638629493967
SW,58,1.16,0.0,68.72574511290567,61.89825738755545,1.103125,200,199.61638629493967
SW,59,1.18,0.0,69.40163050228199,62.87036457406691,1.103125,200,199.61638629493967
SW,60,1.2,0.0,70.06240384619008,63.84046691382109,1.103125,200,199.61638629493967
SW,61,1.22,0.0,70.70810807318078,64.80858580956186,1.103125,200,199.61638629493967
SW,62,1.24,0.0,71.33878531629048,65.7747422936265,1.103125,200,199.61638629493967
SW,63,1.26,0.0,71.9544769272644,66.73895702897916,1.103125,200,199.61638629493967
SW,64,1.28,0.0,72.55522349072795,67.70125031012303,1.103125,200,199.61638629493967
SW,65,1.3,0.0,73.14106483831647,68.66164206389521,1.103125,200,199.61638629493967
SW,66,1.32,0.0,73.71204006277264,69.62015185014816,1.103125,200,199.61638629493967
SW,67,1.34,0.0,74.26818753202184,70.5767988623222,1.103125,200,199.61638629493967
SW,68,1.36,0.0,74.8095449032345,71.53160192791366,1.103125,200,199.61638629493967
SW,69,1.3800000000000001,0.0,75.33614913688494,72.4845795088432,1.103125,200,199.61638629493967
SW,70,1.4000000000000001,0.0,75.84803651081577,73.43574970172985,1.103125,200,199.61638629493967
SW,71,1.42,0.0,76.34524263431668,74.38513023807552,1.103125,200,199.61638629493967
SW,72,1.44,0.0,76.82780246222605,75.33273848436608,1.103125,200,199.61638629493967
SW,73,1.46,0.0,77.29575030906393,76.27859144209457,1.103125,200,199.61638629493967
SW,74,1.48,0.0,77.74911986320416,77.22270574771298,1.103125,200,199.61638629493967
SW,75,1.5,0.0,78.18794420109313,78.16509767251891,1.103125,200,199.61638629493967
SW,76,1.52,0.0,78.61225580152274,79.10578312248401,1.103125,200,199.61638629493967
SW,77,1.54,0.0,79.02208655996397,80.04477763803128,1.103125,200,199.61638629493967
SW,78,1.56,0.0,79.41746780296766,80.98209639376864,1.103125,200,199.61638629493967
SW,79,1.58,0.0,79.79843030263828,81.91775419818661,1.103125,200,199.61638629493967
SW,80,1.6,0.0,80.16500429118594,82.85176549332783,1.103125,200,199.61638629493967
SW,81,1.62,0.0,80.51721947556152,83.78414435443715,1.103125,200,199.61638629493967
SW,82,1.6400000000000001,0.0,80.85510505217893,84.71490448960049,1.103125,200,199.61638629493967
SW,83,1.6600000000000001,0.0,81.17868972172818,85.64405923938168,1.103125,200,199.61638629493967
SW,84,1.68,0.0,81.48800170408187,86.57162157646613,1.103125,200,199.61638629493967
SW,85,1.7,0.0,81.78306875329747,87.4976041053208,1.103125,200,199.61638629493967
SW,86,1.72,0.0,82.0639181727165,88.42201906188009,1.103125,200,199.61638629493967
SW,87,1.74,0.0,82.3305768301613,89.34487831326717,1.103125,200,199.61638629493967
SW,88,1.76,0.0,82.58307117322917,90.2661933575609,1.103125,200,199.61638629493967
SW,89,1.78,0.0,82.82142724468265,91.18597532361798,1.103125,200,199.61638629493967
SW,90,1.8,0.0,83.04567069793414,92.10423497096086,1.103125,200,199.61638629493967
SW,91,1.82,0.0,83.25582681262178,93.02098268974088,1.103125,200,199.61638629493967
SW,92,1.84,0.0,83.45192051027298,93.93622850078731,1.103125,200,199.61638629493967
SW,93,1.86,0.0,83.63397637005082,94.84998205575187,1.103125,200,199.61638629493967
SW,94,1.8800000000000001,0.0,83.80201864457752,95.76225263735883,1.103125,200,199.61638629493967
SW,95,1.9000000000000001,0.0,83.95607127582869,96.67304915977034,1.103125,200,199.61638629493967
SW,96,1.92,0.0,84.09615791109059,97.58238016907647,1.103125,200,199.61638629493967
SW,97,1.94,0.0,84.22230191897192,98.49025384391923,1.103125,200,199.61638629493967
SW,98,1.96,0.0,84.3345264054611,99.39667799625943,1.103125,200,199.61638629493967
SW,99,1.98,0.0,84.43285423001838,100.30166007229482,1.103125,200,199.61638629493967
SW,100,2.0,0.0,84.51730802169195,101.20520715353776,1.103125,200,199.61638629493967
SW,101,2.02,0.0,84.58791019524615,102.1073259580596,1.103125,200,199.61638629493967
SW,102,2.04,0.0,84.64468296728903,103.0080228419092,1.103125,200,199.61638629493967
SW,103,2.06,0.0,84.68764837238578,103.90730380071153,1.103125,200,199.61638629493967
SW,104,2.08,0.0,84.71682827914431,104.8051744714526,1.103125,200,199.61638629493967
SW,105,2.1,0.0,84.73224440625796,105.7016401344552,1.103125,200,199.61638629493967
SW,106,2.12,0.0,84.73391833849053,106.59670571555017,1.103125,200,199.61638629493967
SW,107,2.14,0.0,84.72187154258779,107.4903757884466,1.103125,200,199.61638629493967
SW,108,2.16,0.0,84.69612538309977,108.3826545773037,1.103125,200,199.61638629493967
SW,109,2.18,0.0,84.65670113809726,109.27354595950624,1.103125,200,199.61638629493967
SW,110,2.2,0.0,84.6036200147665,110.16305346864476,1.103125,200,199.61638629493967
SW,111,2.22,0.0,84.53690316486525,111.0511802977007,1.103125,200,199.61638629493967
SW,112,2.24,0.0,84.45657170002377,111.93792930243583,1.103125,200,199.61638629493967
SW,113,2.2600000000000002,0.0,84.36264670687441,112.82330300498474,1.103125,200,199.61638629493967
SW,114,2.2800000000000002,0.0,84.25514926199334,113.70730359764784,1.103125,200,199.61638629493967
SW,115,2.3000000000000003,0.0,84.13410044663844,114.58993294688207,1.103125,200,199.61638629493967
SW,116,2.32,0.0,83.99952136126784,115.47119259748528,1.103125,200,199.61638629493967
SW,117,2.34,0.0,83.85143313982356,116.3510837769697,1.103125,200,199.61638629493967
SW,118,2.36,0.0,83.68985696376575,117.22960740011916,1.103125,200,199.61638629493967
SW,119,2.38,0.0,83.51481407584328,118.10676407372412,1.103125,200,199.61638629493967
SW,120,2.4,0.0,83.326325793587,118.98255410148766,1.103125,200,199.61638629493967
SW,121,2.42,0.0,83.12441352251314,119.85697748909547,1.103125,200,199.61638629493967
SW,122,2.44,0.0,82.90909876902438,120.7300339494417,1.103125,200,199.61638629493967
SW,123,2.46,0.0,82.68040315299767,121.6017229080029,1.103125,200,199.61638629493967
SW,124,2.48,0.0,82.43834842004816,122.47204350835086,1.103125,200,199.61638629493967
SW,125,2.5,0.0,82.1829564534597,123.34099461779581,1.103125,200,199.61638629493967
SW,126,2.52,0.0,81.91424928577335,124.20857483315034,1.103125,200,199.61638629493967
SW,127,2.54,0.0,81.63224911002601,125.07478248660465,1.103125,200,199.61638629493967
SW,128,2.56,0.0,81.33697829063247,125.93961565170339,1.103125,200,199.61638629493967
SW,129,2.58,0.0,81.02845937390491,126.80307214941418,1.103125,200,199.61638629493967
SW,130,2.6,0.0,80.70671509820491,127.66514955427796,1.103125,200,199.61638629493967
SW,131,2.62,0.0,80.37176840372399,128.52584520063127,1.103125,200,199.61638629493967
SW,132,2.64,0.0,80.02364244188938,129.38515618889056,1.103125,200,199.61638629493967
SW,133,2.66,0.0,79.66236058439284,130.24307939188876,1.103125,200,199.61638629493967
SW,134,2.68,0.0,79.28794643184123,131.09961146125445,1.103125,200,199.61638629493967
SW,135,2.7,0.0,78.90042382202793,131.9547488338243,1.103125,200,199.61638629493967
SW,136,2.72,0.0,78.49981683782569,132.8084877380793,1.103125,200,199.61638629493967
SW,137,2.74,0.0,78.08614981470151,133.66082420059595,1.103125,200,199.61638629493967
SW,138,2.7600000000000002,0.0,77.65944734785555,134.51175405250387,1.103125,200,199.61638629493967
SW,139,2.7800000000000002,0.0,77.21973429898605,135.36127293594092,1.103125,200,199.61638629493967
SW,140,2.8000000000000003,0.0,76.76703580268371,136.20937631049824,1.103125,200,199.61638629493967
SW,141,2.82,0.0,76.3013772724585,137.0560594596474,1.103125,200,199.61638629493967
SW,142,2.84,0.0,75.82278440640361,137.90131749714197,1.103125,200,199.61638629493967
SW,143,2.86,0.0,75.33128319250076,138.74514537338692,1.103125,200,199.61638629493967
SW,144,2.88,0.0,74.826899913572,139.58753788176895,1.103125,200,199.61638629493967
SW,145,2.9,0.0,74.30966115188367,140.42848966494182,1.103125,200,199.61638629493967
SW,146,2.92,0.0,73.7795937934081,141.26799522106046,1.103125,200,199.61638629493967
SW,147,2.94,0.0,73.23672503174944,142.10604890995864,1.103125,200,199.61638629493967
SW,148,2.96,0.0,72.68108237174006,142.94264495926532,1.103125,200,199.61638629493967
SW,149,2.98,0.0,72.11269363271406,143.77777747045448,1.103125,200,199.61638629493967
SW,150,3.0,0.0,71.5315869514651,144.61144042482465,1.103125,200,199.61638629493967
SW,151,3.02,0.0,70.93779078489551,145.44362768940383,1.103125,200,199.61638629493967
SW,152,3.04,0.0,70.33133391236395,146.27433302277646,1.103125,200,199.61638629493967
SW,153,3.06,0.0,69.71224543773903,147.1035500808289,1.103125,200,199.61638629493967
SW,154,3.08,0.0,69.0805547911664,147.9312724224109,1.103125,200,199.61638629493967
SW,155,3.1,0.0,68.43629173055679,148.75749351490995,1.103125,200,199.61638629493967
SW,156,3.12,0.0,67.77948634280258,149.5822067397368,1.103125,200,199.61638629493967
SW,157,3.14,0.0,67.11016904473054,150.40540539771948,1.103125,200,199.61638629493967
SW,158,3.16,0.0,66.42837058379823,151.22708271440484,1.103125,200,199.61638629493967
SW,159,3.18,0.0,65.73412203854173,152.0472318452655,1.103125,200,199.61638629493967
SW,160,3.2,0.0,65.0274548187821,152.86584588081118,1.103125,200,199.61638629493967
SW,161,3.22,0.0,64.30840066559814,153.68291785160378,1.103125,200,199.61638629493967
SW,162,3.24,0.0,63.57699165107268,154.49844073317476,1.103125,200,199.61638629493967
SW,163,3.2600000000000002,0.0,62.833260177819945,155.31240745084494,1.103125,200,199.61638629493967
SW,164,3.2800000000000002,0.0,62.07723897830093,156.12481088444585,1.103125,200,199.61638629493967
SW,165,3.3000000000000003,0.0,61.30896111393413,156.93564387294268,1.103125,200,199.61638629493967
SW,166,3.3200000000000003,0.0,60.52845997400842,157.74489921895875,1.103125,200,199.61638629493967
SW,167,3.34,0.0,59.73576927440515,158.55256969320155,1.103125,200,199.61638629493967
SW,168,3.36,0.0,58.93092305613606,159.3586480387906,1.103125,200,199.61638629493967
SW,169,3.38,0.0,58.113955683703736,160.1631269754877,1.103125,200,199.61638629493967
SW,170,3.4,0.0,57.28490184329105,160.9659992038298,1.103125,200,199.61638629493967
SW,171,3.42,0.0,56.443796540785996,161.76725740916527,1.103125,200,199.61638629493967
SW,172,3.44,0.0,55.59067509964804,162.56689426559424,1.103125,200,199.61638629493967
SW,173,3.46,0.0,54.72557315862225,163.36490243981376,1.103125,200,199.61638629493967
SW,174,3.48,0.0,53.84852666930696,164.16127459486864,1.103125,200,199.61638629493967
SW,175,3.5,0.0,52.959571893580915,164.95600339380908,1.103125,200,199.61638629493967
SW,176,3.52,0.0,52.05874540089544,165.74908150325575,1.103125,200,199.61638629493967
SW,177,3.54,0.0,51.146084065437314,166.5405015968737,1.103125,200,199.61638629493967
SW,178,3.56,0.0,50.221625063167615,167.33025635875606,1.103125,200,199.61638629493967
SW,179,3.58,0.0,49.285405868741826,168.11833848671867,1.103125,200,199.61638629493967
SW,180,3.6,0.0,48.337464252316344,168.90474069550686,1.103125,200,199.61638629493967
SW,181,3.62,0.0,47.37783827624635,169.68945571991554,1.103125,200,199.61638629493967
SW,182,3.64,0.0,46.40656629167995,170.47247631782392,1.103125,200,199.61638629493967
SW,183,3.66,0.0,45.42368693505321,171.25379527314607,1.103125,200,199.61638629493967
SW,184,3.68,0.0,44.42923912449082,172.03340539869853,1.103125,200,199.61638629493967
SW,185,3.7,0.0,43.423262056116755,172.81129953898642,1.103125,200,199.61638629493967
SW,186,3.72,0.0,42.40579520027938,173.58747057290918,1.103125,200,199.61638629493967
SW,187,3.74,0.0,41.37687829769512,174.3619114163874,1.103125,200,199.61638629493967
SW,188,3.7600000000000002,0.0,40.33655135551501,175.1346150249118,1.103125,200,199.61638629493967
SW,189,3.7800000000000002,0.0,39.28485464331791,175.90557439601616,1.103125,200,199.61638629493967
SW,190,3.8000000000000003,0.0,38.221828689034446,176.67478257167485,1.103125,200,199.61638629493967
SW,191,3.8200000000000003,0.0,37.147514274805474,177.4422326406268,1.103125,200,199.61638629493967
SW,192,3.84,0.0,36.061952432778625,178.20791774062695,1.103125,200,199.61638629493967
SW,193,3.86,0.0,34.96518444084666,178.9718310606266,1.103125,200,199.61638629493967
SW,194,3.88,0.0,33.85725181833108,179.73396584288378,1.103125,200,199.61638629493967
SW,195,3.9,0.0,32.7381963216143,180.49431538500505,1.103125,200,199.61638629493967
SW,196,3.92,0.0,31.6080599397239,181.25287304192005,1.103125,200,199.61638629493967
SW,197,3.94,0.0,30.466884889871874,182.00963222778984,1.103125,200,199.61638629493967
SW,198,3.96,0.0,29.31471361295227,182.76458641785038,1.103125,200,199.61638629493967
SW,199,3.98,0.0,28.151588769000085,183.51772915019254,1.103125,200,199.61638629493967
SW,200,4.0,0.0,26.977553232614405,184.2690540274794,1.103125,200,199.61638629493967
SW,201,4.0200000000000005,0.0,25.792650088348715,185.01855471860262,1.103125,200,199.61638629493967
SW,202,4.04,0.0,24.5969226260711,185.76622496027858,1.103125,200,199.61638629493967
SW,203,4.0600000000000005,0.0,23.39041433629706,186.51205855858564,1.103125,200,199.61638629493967
SW,204,4.08,0.0,22.173168905497636,187.25604939044368,1.103125,200,199.61638629493967
SW,205,4.1,0.0,20.945230211385343,187.99819140503703,1.103125,200,199.61638629493967
SW,206,4.12,0.0,19.706642318180414,188.73847862518193,1.103125,200,199.61638629493967
SW,207,4.14,0.0,18.45744947185984,189.47690514863945,1.103125,200,199.61638629493967
SW,208,4.16,0.0,17.19769609539147,190.21346514937522,1.103125,200,199.61638629493967
SW,209,4.18,0.0,15.927426783955564,190.94815287876682,1.103125,200,199.61638629493967
SW,210,4.2,0.0,14.646686300155919,191.6809626667599,1.103125,200,199.61638629493967
SW,211,4.22,0.0,13.355519569222839,192.4118889229743,1.103125,200,199.61638629493967
SW,212,4.24,0.0,12.053971674209977,193.1409261377607,1.103125,200,199.61638629493967
SW,213,4.26,0.0,10.742087851187133,193.86806888320925,1.103125,200,199.61638629493967
SW,214,4.28,0.0,9.419913484430982,194.5933118141111,1.103125,200,199.61638629493967
SW,215,4.3,0.0,8.087494101615672,195.31664966887342,1.103125,200,199.61638629493967
SW,216,4.32,0.0,6.744875369005168,196.0380772703893,1.103125,200,199.61638629493967
SW,217,4.34,0.0,5.3921030866491595,196.75758952686326,1.103125,200,199.61638629493967
SW,218,4.36,0.0,4.029223183584302,197.47518143259325,1.103125,200,199.61638629493967
SW,219,4.38,0.0,2.6562817130425316,198.1908480687102,1.103125,200,199.61638629493967
SW,220,4.4,0.0,1.2733248476680905,198.90458460387583,1.103125,200,199.61638629493967
SW,221,4.42,0.0,-0.11960112525508149,199.61638629493967,1.103125,200,199.61638629493967
